"DISPLAY_LOCATION_ID","DESCRIPTION_CODE","COURT_SITE_ID","CREATED_BY","CREATION_DATE","LAST_UPDATED_BY","LAST_UPDATE_DATE","VERSION"
728,"court_1",425,"XHIBIT",01-APR-09 15:26:06,"XHIBIT",01-APR-09 15:26:06,1
729,"court_2",425,"XHIBIT",01-APR-09 15:26:06,"XHIBIT",01-APR-09 15:26:06,1
730,"court_3",425,"XHIBIT",01-APR-09 15:26:06,"XHIBIT",01-APR-09 15:26:06,1
731,"court_4",425,"XHIBIT",01-APR-09 15:26:06,"XHIBIT",01-APR-09 15:26:06,1
732,"court_5",425,"XHIBIT",01-APR-09 15:26:06,"XHIBIT",01-APR-09 15:26:06,1
733,"court_6",425,"XHIBIT",01-APR-09 15:26:06,"XHIBIT",01-APR-09 15:26:06,1
734,"court_7",425,"XHIBIT",01-APR-09 15:26:06,"XHIBIT",01-APR-09 15:26:06,1
735,"court_8",425,"XHIBIT",01-APR-09 15:26:06,"XHIBIT",01-APR-09 15:26:06,1
736,"court_9",425,"XHIBIT",01-APR-09 15:26:06,"XHIBIT",01-APR-09 15:26:06,1
737,"court_10",425,"XHIBIT",01-APR-09 15:26:06,"XHIBIT",01-APR-09 15:26:06,1
738,"court_11",425,"XHIBIT",01-APR-09 15:26:06,"XHIBIT",01-APR-09 15:26:06,1
739,"court_12",425,"XHIBIT",01-APR-09 15:26:06,"XHIBIT",01-APR-09 15:26:06,1
740,"jury_assembly",425,"XHIBIT",01-APR-09 15:26:06,"XHIBIT",01-APR-09 15:26:06,1
741,"jury_assembly",425,"XHIBIT",01-APR-09 15:26:06,"XHIBIT",01-APR-09 15:26:06,1
742,"advocates_robing",425,"XHIBIT",01-APR-09 15:26:06,"XHIBIT",01-APR-09 15:26:06,1
743,"v_i_p",425,"XHIBIT",01-APR-09 15:26:06,"XHIBIT",01-APR-09 15:26:06,1
880,"public_dining",502,"XHIBIT",01-APR-09 15:26:06,"XHIBIT",01-APR-09 15:26:06,1
881,"witness_waiting",502,"XHIBIT",01-APR-09 15:26:06,"XHIBIT",01-APR-09 15:26:06,1
882,"court_4",502,"XHIBIT",01-APR-09 15:26:06,"XHIBIT",01-APR-09 15:26:06,1
883,"court_3",502,"XHIBIT",01-APR-09 15:26:06,"XHIBIT",01-APR-09 15:26:06,1
884,"court_2",502,"XHIBIT",01-APR-09 15:26:06,"XHIBIT",01-APR-09 15:26:06,1
885,"court_5",502,"XHIBIT",01-APR-09 15:26:06,"XHIBIT",01-APR-09 15:26:06,1
886,"court_6",502,"XHIBIT",01-APR-09 15:26:06,"XHIBIT",01-APR-09 15:26:06,1
887,"court_7",502,"XHIBIT",01-APR-09 15:26:06,"XHIBIT",01-APR-09 15:26:06,1
888,"jury_assembly",502,"XHIBIT",01-APR-09 15:26:06,"XHIBIT",01-APR-09 15:26:06,1
889,"main_reception",502,"XHIBIT",01-APR-09 15:26:06,"XHIBIT",01-APR-09 15:26:06,1
890,"barristers_dining",502,"XHIBIT",01-APR-09 15:26:06,"XHIBIT",01-APR-09 15:26:06,1
891,"barristers_robing",502,"XHIBIT",01-APR-09 15:26:06,"XHIBIT",01-APR-09 15:26:06,1
892,"v_i_p",502,"XHIBIT",01-APR-09 15:26:06,"XHIBIT",01-APR-09 15:26:06,1
893,"witness_waiting",503,"XHIBIT",01-APR-09 15:26:06,"XHIBIT",01-APR-09 15:26:06,1
894,"court_1",503,"XHIBIT",01-APR-09 15:26:06,"XHIBIT",01-APR-09 15:26:06,1
895,"court_2",503,"XHIBIT",01-APR-09 15:26:06,"XHIBIT",01-APR-09 15:26:06,1
896,"jury_assembly",503,"XHIBIT",01-APR-09 15:26:06,"XHIBIT",01-APR-09 15:26:06,1
897,"v_i_p",503,"XHIBIT",01-APR-09 15:26:06,"XHIBIT",01-APR-09 15:26:06,1
898,"reception",504,"XHIBIT",01-APR-09 15:26:06,"XHIBIT",01-APR-09 15:26:06,1
899,"public_dining",504,"XHIBIT",01-APR-09 15:26:06,"XHIBIT",01-APR-09 15:26:06,1
900,"witness_waiting",504,"XHIBIT",01-APR-09 15:26:06,"XHIBIT",01-APR-09 15:26:06,1
901,"court_room_1",504,"XHIBIT",01-APR-09 15:26:06,"XHIBIT",01-APR-09 15:26:06,1
902,"court_room_2",504,"XHIBIT",01-APR-09 15:26:06,"XHIBIT",01-APR-09 15:26:06,1
903,"court_room_3",504,"XHIBIT",01-APR-09 15:26:06,"XHIBIT",01-APR-09 15:26:06,1
904,"jury_assembly",504,"XHIBIT",01-APR-09 15:26:06,"XHIBIT",01-APR-09 15:26:06,1
905,"barristers_suite",504,"XHIBIT",01-APR-09 15:26:06,"XHIBIT",01-APR-09 15:26:06,1
906,"v_i_p",504,"XHIBIT",01-APR-09 15:26:06,"XHIBIT",01-APR-09 15:26:06,1
90,"central_hall_court_1_104",5,"XHIBIT",01-APR-09 15:26:06,"XHIBIT",01-APR-09 15:26:06,1
91,"central_hall_court_2_104",5,"XHIBIT",01-APR-09 15:26:06,"XHIBIT",01-APR-09 15:26:06,1
92,"jury_reception_214",5,"XHIBIT",01-APR-09 15:26:06,"XHIBIT",01-APR-09 15:26:06,1
93,"witness_protection_wtng",5,"XHIBIT",01-APR-09 15:26:06,"XHIBIT",01-APR-09 15:26:06,1
94,"barristers_robing_room",5,"XHIBIT",01-APR-09 15:26:06,"XHIBIT",01-APR-09 15:26:06,1
181,"public_dinning",75,"XHIBIT",01-APR-09 15:26:06,"XHIBIT",01-APR-09 15:26:06,1
182,"witness_support",75,"XHIBIT",01-APR-09 15:26:06,"XHIBIT",01-APR-09 15:26:06,1
183,"barristers_lounge_robing",75,"XHIBIT",01-APR-09 15:26:06,"XHIBIT",01-APR-09 15:26:06,1
184,"court_2",75,"XHIBIT",01-APR-09 15:26:06,"XHIBIT",01-APR-09 15:26:06,1
185,"court_1",75,"XHIBIT",01-APR-09 15:26:06,"XHIBIT",01-APR-09 15:26:06,1
186,"court_3",75,"XHIBIT",01-APR-09 15:26:06,"XHIBIT",01-APR-09 15:26:06,1
187,"court_4",75,"XHIBIT",01-APR-09 15:26:06,"XHIBIT",01-APR-09 15:26:06,1
188,"court_5",75,"XHIBIT",01-APR-09 15:26:06,"XHIBIT",01-APR-09 15:26:06,1
189,"court_6",75,"XHIBIT",01-APR-09 15:26:06,"XHIBIT",01-APR-09 15:26:06,1
190,"court_7",75,"XHIBIT",01-APR-09 15:26:06,"XHIBIT",01-APR-09 15:26:06,1
191,"court_8",75,"XHIBIT",01-APR-09 15:26:06,"XHIBIT",01-APR-09 15:26:06,1
192,"court_9",75,"XHIBIT",01-APR-09 15:26:06,"XHIBIT",01-APR-09 15:26:06,1
193,"court_10",75,"XHIBIT",01-APR-09 15:26:06,"XHIBIT",01-APR-09 15:26:06,1
194,"jury_lounge",75,"XHIBIT",01-APR-09 15:26:06,"XHIBIT",01-APR-09 15:26:06,1
195,"arrival_meeting_area",75,"XHIBIT",01-APR-09 15:26:06,"XHIBIT",01-APR-09 15:26:06,1
196,"v_i_p",75,"XHIBIT",01-APR-09 15:26:06,"XHIBIT",01-APR-09 15:26:06,1
149,"public_dining",41,"XHIBIT",01-APR-09 15:26:06,"XHIBIT",01-APR-09 15:26:06,1
150,"advocates_dining",41,"XHIBIT",01-APR-09 15:26:06,"XHIBIT",01-APR-09 15:26:06,1
151,"jury_dinning",41,"XHIBIT",01-APR-09 15:26:06,"XHIBIT",01-APR-09 15:26:06,1
152,"court_1",41,"XHIBIT",01-APR-09 15:26:06,"XHIBIT",01-APR-09 15:26:06,1
153,"court_2",41,"XHIBIT",01-APR-09 15:26:06,"XHIBIT",01-APR-09 15:26:06,1
154,"court_3",41,"XHIBIT",01-APR-09 15:26:06,"XHIBIT",01-APR-09 15:26:06,1
155,"court_4",41,"XHIBIT",01-APR-09 15:26:06,"XHIBIT",01-APR-09 15:26:06,1
156,"court_5",41,"XHIBIT",01-APR-09 15:26:06,"XHIBIT",01-APR-09 15:26:06,1
157,"jury_assembly",41,"XHIBIT",01-APR-09 15:26:06,"XHIBIT",01-APR-09 15:26:06,1
158,"first_floor_concourse",41,"XHIBIT",01-APR-09 15:26:06,"XHIBIT",01-APR-09 15:26:06,1
159,"advocates_robing_lounge",41,"XHIBIT",01-APR-09 15:26:06,"XHIBIT",01-APR-09 15:26:06,1
160,"v_i_p",41,"XHIBIT",01-APR-09 15:26:06,"XHIBIT",01-APR-09 15:26:06,1
161,"public_dining",42,"XHIBIT",01-APR-09 15:26:06,"XHIBIT",01-APR-09 15:26:06,1
162,"court_1",42,"XHIBIT",01-APR-09 15:26:06,"XHIBIT",01-APR-09 15:26:06,1
163,"court_2",42,"XHIBIT",01-APR-09 15:26:06,"XHIBIT",01-APR-09 15:26:06,1
164,"jury_retiring",42,"XHIBIT",01-APR-09 15:26:06,"XHIBIT",01-APR-09 15:26:06,1
165,"reception",42,"XHIBIT",01-APR-09 15:26:06,"XHIBIT",01-APR-09 15:26:06,1
166,"v_i_p",42,"XHIBIT",01-APR-09 15:26:06,"XHIBIT",01-APR-09 15:26:06,1
628,"main_reception",379,"XHIBIT",01-APR-09 15:26:06,"XHIBIT",01-APR-09 15:26:06,1
629,"advocates_dining",379,"XHIBIT",01-APR-09 15:26:06,"XHIBIT",01-APR-09 15:26:06,1
630,"public_dining",379,"XHIBIT",01-APR-09 15:26:06,"XHIBIT",01-APR-09 15:26:06,1
631,"witness_service",379,"XHIBIT",01-APR-09 15:26:06,"XHIBIT",01-APR-09 15:26:06,1
632,"court_1",379,"XHIBIT",01-APR-09 15:26:06,"XHIBIT",01-APR-09 15:26:06,1
633,"court_2",379,"XHIBIT",01-APR-09 15:26:06,"XHIBIT",01-APR-09 15:26:06,1
634,"court_3",379,"XHIBIT",01-APR-09 15:26:06,"XHIBIT",01-APR-09 15:26:06,1
635,"court_4",379,"XHIBIT",01-APR-09 15:26:06,"XHIBIT",01-APR-09 15:26:06,1
636,"court_5",379,"XHIBIT",01-APR-09 15:26:06,"XHIBIT",01-APR-09 15:26:06,1
637,"court_6",379,"XHIBIT",01-APR-09 15:26:06,"XHIBIT",01-APR-09 15:26:06,1
638,"court_7",379,"XHIBIT",01-APR-09 15:26:06,"XHIBIT",01-APR-09 15:26:06,1
639,"court_8",379,"XHIBIT",01-APR-09 15:26:06,"XHIBIT",01-APR-09 15:26:06,1
640,"jury_assembly",379,"XHIBIT",01-APR-09 15:26:06,"XHIBIT",01-APR-09 15:26:06,1
641,"v_i_p",379,"XHIBIT",01-APR-09 15:26:06,"XHIBIT",01-APR-09 15:26:06,1
642,"public_dining",380,"XHIBIT",01-APR-09 15:26:06,"XHIBIT",01-APR-09 15:26:06,1
643,"advocates_dining",380,"XHIBIT",01-APR-09 15:26:06,"XHIBIT",01-APR-09 15:26:06,1
644,"advocates_lounge",380,"XHIBIT",01-APR-09 15:26:06,"XHIBIT",01-APR-09 15:26:06,1
645,"jury_dining_1",380,"XHIBIT",01-APR-09 15:26:06,"XHIBIT",01-APR-09 15:26:06,1
646,"jury_dining_2",380,"XHIBIT",01-APR-09 15:26:06,"XHIBIT",01-APR-09 15:26:06,1
647,"court_1",380,"XHIBIT",01-APR-09 15:26:06,"XHIBIT",01-APR-09 15:26:06,1
648,"court_1_scr2",380,"XHIBIT",01-APR-09 15:26:06,"XHIBIT",01-APR-09 15:26:06,1
649,"court_2",380,"XHIBIT",01-APR-09 15:26:06,"XHIBIT",01-APR-09 15:26:06,1
650,"court_3",380,"XHIBIT",01-APR-09 15:26:06,"XHIBIT",01-APR-09 15:26:06,1
651,"court_4",380,"XHIBIT",01-APR-09 15:26:06,"XHIBIT",01-APR-09 15:26:06,1
652,"court_5",380,"XHIBIT",01-APR-09 15:26:06,"XHIBIT",01-APR-09 15:26:06,1
653,"court_6",380,"XHIBIT",01-APR-09 15:26:06,"XHIBIT",01-APR-09 15:26:06,1
654,"main_reception",380,"XHIBIT",01-APR-09 15:26:06,"XHIBIT",01-APR-09 15:26:06,1
655,"witness_waiting_area",380,"XHIBIT",01-APR-09 15:26:06,"XHIBIT",01-APR-09 15:26:06,1
656,"v_i_p",380,"XHIBIT",01-APR-09 15:26:06,"XHIBIT",01-APR-09 15:26:06,1
202,"barristers_robing",81,"XHIBIT",01-APR-09 15:26:06,"XHIBIT",01-APR-09 15:26:06,1
203,"witness_waiting",81,"XHIBIT",01-APR-09 15:26:06,"XHIBIT",01-APR-09 15:26:06,1
204,"court_1",81,"XHIBIT",01-APR-09 15:26:06,"XHIBIT",01-APR-09 15:26:06,1
205,"court_2",81,"XHIBIT",01-APR-09 15:26:06,"XHIBIT",01-APR-09 15:26:06,1
206,"jury_waiting",81,"XHIBIT",01-APR-09 15:26:06,"XHIBIT",01-APR-09 15:26:06,1
207,"public_waiting",81,"XHIBIT",01-APR-09 15:26:06,"XHIBIT",01-APR-09 15:26:06,1
208,"v_i_p",81,"XHIBIT",01-APR-09 15:26:06,"XHIBIT",01-APR-09 15:26:06,1
320,"public_waiting",150,"XHIBIT",01-APR-09 15:26:06,"XHIBIT",01-APR-09 15:26:06,1
321,"barrister_lounge",150,"XHIBIT",01-APR-09 15:26:06,"XHIBIT",01-APR-09 15:26:06,1
322,"dining_room",150,"XHIBIT",01-APR-09 15:26:06,"XHIBIT",01-APR-09 15:26:06,1
323,"witness_waiting",150,"XHIBIT",01-APR-09 15:26:06,"XHIBIT",01-APR-09 15:26:06,1
324,"court_1",150,"XHIBIT",01-APR-09 15:26:06,"XHIBIT",01-APR-09 15:26:06,1
325,"court_2",150,"XHIBIT",01-APR-09 15:26:06,"XHIBIT",01-APR-09 15:26:06,1
326,"jury_waiting",150,"XHIBIT",01-APR-09 15:26:06,"XHIBIT",01-APR-09 15:26:06,1
327,"v_i_p",150,"XHIBIT",01-APR-09 15:26:06,"XHIBIT",01-APR-09 15:26:06,1
592,"customs_and_excise",358,"XHIBIT",01-APR-09 15:26:06,"XHIBIT",01-APR-09 15:26:06,1
593,"public_canteen",358,"XHIBIT",01-APR-09 15:26:06,"XHIBIT",01-APR-09 15:26:06,1
594,"reception",358,"XHIBIT",01-APR-09 15:26:06,"XHIBIT",01-APR-09 15:26:06,1
595,"court_7",358,"XHIBIT",01-APR-09 15:26:06,"XHIBIT",01-APR-09 15:26:06,1
596,"court_6",358,"XHIBIT",01-APR-09 15:26:06,"XHIBIT",01-APR-09 15:26:06,1
597,"court_5",358,"XHIBIT",01-APR-09 15:26:06,"XHIBIT",01-APR-09 15:26:06,1
598,"court_4",358,"XHIBIT",01-APR-09 15:26:06,"XHIBIT",01-APR-09 15:26:06,1
599,"court_3",358,"XHIBIT",01-APR-09 15:26:06,"XHIBIT",01-APR-09 15:26:06,1
600,"court_2",358,"XHIBIT",01-APR-09 15:26:06,"XHIBIT",01-APR-09 15:26:06,1
601,"court_1",358,"XHIBIT",01-APR-09 15:26:06,"XHIBIT",01-APR-09 15:26:06,1
602,"court_8",358,"XHIBIT",01-APR-09 15:26:06,"XHIBIT",01-APR-09 15:26:06,1
603,"jury_assembly",358,"XHIBIT",01-APR-09 15:26:06,"XHIBIT",01-APR-09 15:26:06,1
604,"advocates_dining",358,"XHIBIT",01-APR-09 15:26:06,"XHIBIT",01-APR-09 15:26:06,1
605,"v_i_p",358,"XHIBIT",01-APR-09 15:26:06,"XHIBIT",01-APR-09 15:26:06,1
232,"witness_services",96,"XHIBIT",01-APR-09 15:26:06,"XHIBIT",01-APR-09 15:26:06,1
233,"barristers_lounge",96,"XHIBIT",01-APR-09 15:26:06,"XHIBIT",01-APR-09 15:26:06,1
234,"canteen",96,"XHIBIT",01-APR-09 15:26:06,"XHIBIT",01-APR-09 15:26:06,1
235,"court_1",96,"XHIBIT",01-APR-09 15:26:06,"XHIBIT",01-APR-09 15:26:06,1
236,"court_2",96,"XHIBIT",01-APR-09 15:26:06,"XHIBIT",01-APR-09 15:26:06,1
237,"court_4",96,"XHIBIT",01-APR-09 15:26:06,"XHIBIT",01-APR-09 15:26:06,1
238,"jury_room",96,"XHIBIT",01-APR-09 15:26:06,"XHIBIT",01-APR-09 15:26:06,1
239,"jury_room_smoking",96,"XHIBIT",01-APR-09 15:26:06,"XHIBIT",01-APR-09 15:26:06,1
240,"reception_area",96,"XHIBIT",01-APR-09 15:26:06,"XHIBIT",01-APR-09 15:26:06,1
241,"v_i_p",96,"XHIBIT",01-APR-09 15:26:06,"XHIBIT",01-APR-09 15:26:06,1
841,"public_dining",477,"XHIBIT",01-APR-09 15:26:06,"XHIBIT",01-APR-09 15:26:06,1
842,"court_1",477,"XHIBIT",01-APR-09 15:26:06,"XHIBIT",01-APR-09 15:26:06,1
843,"court_2",477,"XHIBIT",01-APR-09 15:26:06,"XHIBIT",01-APR-09 15:26:06,1
844,"jury_dining",477,"XHIBIT",01-APR-09 15:26:06,"XHIBIT",01-APR-09 15:26:06,1
845,"main_reception_first",477,"XHIBIT",01-APR-09 15:26:06,"XHIBIT",01-APR-09 15:26:06,1
846,"witness_waiting",477,"XHIBIT",01-APR-09 15:26:06,"XHIBIT",01-APR-09 15:26:06,1
847,"barristers_dining",477,"XHIBIT",01-APR-09 15:26:06,"XHIBIT",01-APR-09 15:26:06,1
848,"v_i_p",477,"XHIBIT",01-APR-09 15:26:06,"XHIBIT",01-APR-09 15:26:06,1
167,"public_dining",54,"XHIBIT",01-APR-09 15:26:06,"XHIBIT",01-APR-09 15:26:06,1
168,"public_dining",54,"XHIBIT",01-APR-09 15:26:06,"XHIBIT",01-APR-09 15:26:06,1
169,"jury_dinning",54,"XHIBIT",01-APR-09 15:26:06,"XHIBIT",01-APR-09 15:26:06,1
170,"court_1",54,"XHIBIT",01-APR-09 15:26:06,"XHIBIT",01-APR-09 15:26:06,1
171,"court_2",54,"XHIBIT",01-APR-09 15:26:06,"XHIBIT",01-APR-09 15:26:06,1
172,"court_3",54,"XHIBIT",01-APR-09 15:26:06,"XHIBIT",01-APR-09 15:26:06,1
173,"court_4",54,"XHIBIT",01-APR-09 15:26:06,"XHIBIT",01-APR-09 15:26:06,1
174,"court_5",54,"XHIBIT",01-APR-09 15:26:06,"XHIBIT",01-APR-09 15:26:06,1
175,"court_6",54,"XHIBIT",01-APR-09 15:26:06,"XHIBIT",01-APR-09 15:26:06,1
176,"jury_assembly",54,"XHIBIT",01-APR-09 15:26:06,"XHIBIT",01-APR-09 15:26:06,1
177,"main_concourse",54,"XHIBIT",01-APR-09 15:26:06,"XHIBIT",01-APR-09 15:26:06,1
178,"witness_waiting_g40",54,"XHIBIT",01-APR-09 15:26:06,"XHIBIT",01-APR-09 15:26:06,1
179,"public_waiting",54,"XHIBIT",01-APR-09 15:26:06,"XHIBIT",01-APR-09 15:26:06,1
180,"v_i_p",54,"XHIBIT",01-APR-09 15:26:06,"XHIBIT",01-APR-09 15:26:06,1
209,"public_dining",87,"XHIBIT",01-APR-09 15:26:06,"XHIBIT",01-APR-09 15:26:06,1
210,"barristers_lounge",87,"XHIBIT",01-APR-09 15:26:06,"XHIBIT",01-APR-09 15:26:06,1
211,"witness_waiting",87,"XHIBIT",01-APR-09 15:26:06,"XHIBIT",01-APR-09 15:26:06,1
212,"court_1",87,"XHIBIT",01-APR-09 15:26:06,"XHIBIT",01-APR-09 15:26:06,1
213,"court_2",87,"XHIBIT",01-APR-09 15:26:06,"XHIBIT",01-APR-09 15:26:06,1
214,"court_3",87,"XHIBIT",01-APR-09 15:26:06,"XHIBIT",01-APR-09 15:26:06,1
215,"court_4",87,"XHIBIT",01-APR-09 15:26:06,"XHIBIT",01-APR-09 15:26:06,1
216,"court_5",87,"XHIBIT",01-APR-09 15:26:06,"XHIBIT",01-APR-09 15:26:06,1
217,"court_7",87,"XHIBIT",01-APR-09 15:26:06,"XHIBIT",01-APR-09 15:26:06,1
218,"court_8",87,"XHIBIT",01-APR-09 15:26:06,"XHIBIT",01-APR-09 15:26:06,1
219,"court_9",87,"XHIBIT",01-APR-09 15:26:06,"XHIBIT",01-APR-09 15:26:06,1
220,"court_10",87,"XHIBIT",01-APR-09 15:26:06,"XHIBIT",01-APR-09 15:26:06,1
221,"jury_waiting",87,"XHIBIT",01-APR-09 15:26:06,"XHIBIT",01-APR-09 15:26:06,1
222,"main_reception",87,"XHIBIT",01-APR-09 15:26:06,"XHIBIT",01-APR-09 15:26:06,1
223,"v_i_p",87,"XHIBIT",01-APR-09 15:26:06,"XHIBIT",01-APR-09 15:26:06,1
224,"witness_support",89,"XHIBIT",01-APR-09 15:26:06,"XHIBIT",01-APR-09 15:26:06,1
225,"outside_shire_hall",89,"XHIBIT",01-APR-09 15:26:06,"XHIBIT",01-APR-09 15:26:06,1
226,"v_i_p",89,"XHIBIT",01-APR-09 15:26:06,"XHIBIT",01-APR-09 15:26:06,1
227,"court_1",90,"XHIBIT",01-APR-09 15:26:06,"XHIBIT",01-APR-09 15:26:06,1
228,"court_2",90,"XHIBIT",01-APR-09 15:26:06,"XHIBIT",01-APR-09 15:26:06,1
229,"jury_waiting",90,"XHIBIT",01-APR-09 15:26:06,"XHIBIT",01-APR-09 15:26:06,1
230,"special_witness_room",90,"XHIBIT",01-APR-09 15:26:06,"XHIBIT",01-APR-09 15:26:06,1
231,"v_i_p",90,"XHIBIT",01-APR-09 15:26:06,"XHIBIT",01-APR-09 15:26:06,1
290,"main_public_waiting",132,"XHIBIT",01-APR-09 15:26:06,"XHIBIT",01-APR-09 15:26:06,1
291,"barristers_dining_room",132,"XHIBIT",01-APR-09 15:26:06,"XHIBIT",01-APR-09 15:26:06,1
292,"witness_waiting",132,"XHIBIT",01-APR-09 15:26:06,"XHIBIT",01-APR-09 15:26:06,1
293,"public_dining",132,"XHIBIT",01-APR-09 15:26:06,"XHIBIT",01-APR-09 15:26:06,1
294,"public_waiting",132,"XHIBIT",01-APR-09 15:26:06,"XHIBIT",01-APR-09 15:26:06,1
295,"court_1",132,"XHIBIT",01-APR-09 15:26:06,"XHIBIT",01-APR-09 15:26:06,1
296,"court_2",132,"XHIBIT",01-APR-09 15:26:06,"XHIBIT",01-APR-09 15:26:06,1
297,"court_3",132,"XHIBIT",01-APR-09 15:26:06,"XHIBIT",01-APR-09 15:26:06,1
298,"court_4",132,"XHIBIT",01-APR-09 15:26:06,"XHIBIT",01-APR-09 15:26:06,1
299,"court_10",132,"XHIBIT",01-APR-09 15:26:06,"XHIBIT",01-APR-09 15:26:06,1
300,"court_5",132,"XHIBIT",01-APR-09 15:26:06,"XHIBIT",01-APR-09 15:26:06,1
301,"court_6",132,"XHIBIT",01-APR-09 15:26:06,"XHIBIT",01-APR-09 15:26:06,1
302,"jury_assembly",132,"XHIBIT",01-APR-09 15:26:06,"XHIBIT",01-APR-09 15:26:06,1
303,"v_i_p",132,"XHIBIT",01-APR-09 15:26:06,"XHIBIT",01-APR-09 15:26:06,1
541,"main_entrance_foyer",328,"XHIBIT",01-APR-09 15:26:06,"XHIBIT",01-APR-09 15:26:06,1
542,"security_office",328,"XHIBIT",01-APR-09 15:26:06,"XHIBIT",01-APR-09 15:26:06,1
543,"foyer",328,"XHIBIT",01-APR-09 15:26:06,"XHIBIT",01-APR-09 15:26:06,1
544,"public_dining",328,"XHIBIT",01-APR-09 15:26:06,"XHIBIT",01-APR-09 15:26:06,1
545,"public_dining",328,"XHIBIT",01-APR-09 15:26:06,"XHIBIT",01-APR-09 15:26:06,1
546,"public_dining",328,"XHIBIT",01-APR-09 15:26:06,"XHIBIT",01-APR-09 15:26:06,1
547,"public_waiting_gallery",328,"XHIBIT",01-APR-09 15:26:06,"XHIBIT",01-APR-09 15:26:06,1
548,"foyer",328,"XHIBIT",01-APR-09 15:26:06,"XHIBIT",01-APR-09 15:26:06,1
549,"treasury_council",328,"XHIBIT",01-APR-09 15:26:06,"XHIBIT",01-APR-09 15:26:06,1
550,"external_main_entrance",328,"XHIBIT",01-APR-09 15:26:06,"XHIBIT",01-APR-09 15:26:06,1
551,"external_main_entrance",328,"XHIBIT",01-APR-09 15:26:06,"XHIBIT",01-APR-09 15:26:06,1
552,"short_hand_writers",328,"XHIBIT",01-APR-09 15:26:06,"XHIBIT",01-APR-09 15:26:06,1
553,"probation_office",328,"XHIBIT",01-APR-09 15:26:06,"XHIBIT",01-APR-09 15:26:06,1
554,"cps_admin_office",328,"XHIBIT",01-APR-09 15:26:06,"XHIBIT",01-APR-09 15:26:06,1
555,"press_office",328,"XHIBIT",01-APR-09 15:26:06,"XHIBIT",01-APR-09 15:26:06,1
556,"court_17",328,"XHIBIT",01-APR-09 15:26:06,"XHIBIT",01-APR-09 15:26:06,1
557,"court_18",328,"XHIBIT",01-APR-09 15:26:06,"XHIBIT",01-APR-09 15:26:06,1
558,"court_13",328,"XHIBIT",01-APR-09 15:26:06,"XHIBIT",01-APR-09 15:26:06,1
559,"court_14",328,"XHIBIT",01-APR-09 15:26:06,"XHIBIT",01-APR-09 15:26:06,1
560,"court_15",328,"XHIBIT",01-APR-09 15:26:06,"XHIBIT",01-APR-09 15:26:06,1
561,"court_16",328,"XHIBIT",01-APR-09 15:26:06,"XHIBIT",01-APR-09 15:26:06,1
562,"court_2",328,"XHIBIT",01-APR-09 15:26:06,"XHIBIT",01-APR-09 15:26:06,1
563,"court_3",328,"XHIBIT",01-APR-09 15:26:06,"XHIBIT",01-APR-09 15:26:06,1
564,"court_1",328,"XHIBIT",01-APR-09 15:26:06,"XHIBIT",01-APR-09 15:26:06,1
565,"court_4",328,"XHIBIT",01-APR-09 15:26:06,"XHIBIT",01-APR-09 15:26:06,1
566,"court_5",328,"XHIBIT",01-APR-09 15:26:06,"XHIBIT",01-APR-09 15:26:06,1
567,"court_6",328,"XHIBIT",01-APR-09 15:26:06,"XHIBIT",01-APR-09 15:26:06,1
568,"court_7",328,"XHIBIT",01-APR-09 15:26:06,"XHIBIT",01-APR-09 15:26:06,1
569,"court_8",328,"XHIBIT",01-APR-09 15:26:06,"XHIBIT",01-APR-09 15:26:06,1
570,"court_9",328,"XHIBIT",01-APR-09 15:26:06,"XHIBIT",01-APR-09 15:26:06,1
571,"court_10",328,"XHIBIT",01-APR-09 15:26:06,"XHIBIT",01-APR-09 15:26:06,1
572,"court_11",328,"XHIBIT",01-APR-09 15:26:06,"XHIBIT",01-APR-09 15:26:06,1
573,"court_12",328,"XHIBIT",01-APR-09 15:26:06,"XHIBIT",01-APR-09 15:26:06,1
574,"jury_overspill",328,"XHIBIT",01-APR-09 15:26:06,"XHIBIT",01-APR-09 15:26:06,1
575,"jury_lounge",328,"XHIBIT",01-APR-09 15:26:06,"XHIBIT",01-APR-09 15:26:06,1
576,"witness_waiting_2",328,"XHIBIT",01-APR-09 15:26:06,"XHIBIT",01-APR-09 15:26:06,1
577,"witness_waiting_1",328,"XHIBIT",01-APR-09 15:26:06,"XHIBIT",01-APR-09 15:26:06,1
578,"barrister_lounge",328,"XHIBIT",01-APR-09 15:26:06,"XHIBIT",01-APR-09 15:26:06,1
579,"fem_advocates_changing",328,"XHIBIT",01-APR-09 15:26:06,"XHIBIT",01-APR-09 15:26:06,1
580,"queen_counsel_changing",328,"XHIBIT",01-APR-09 15:26:06,"XHIBIT",01-APR-09 15:26:06,1
581,"male_advocates_changing",328,"XHIBIT",01-APR-09 15:26:06,"XHIBIT",01-APR-09 15:26:06,1
582,"v_i_p",328,"XHIBIT",01-APR-09 15:26:06,"XHIBIT",01-APR-09 15:26:06,1
928,"waiting_area",519,"XHIBIT",01-APR-09 15:26:06,"XHIBIT",01-APR-09 15:26:06,1
33,"court_room_2",2,"XHIBIT",01-APR-09 15:26:06,"XHIBIT",01-APR-09 15:26:06,1
34,"court_room_3",2,"XHIBIT",01-APR-09 15:26:06,"XHIBIT",01-APR-09 15:26:06,1
35,"court_room_4",2,"XHIBIT",01-APR-09 15:26:06,"XHIBIT",01-APR-09 15:26:06,1
36,"court_room_5",2,"XHIBIT",01-APR-09 15:26:06,"XHIBIT",01-APR-09 15:26:06,1
37,"court_room_6",2,"XHIBIT",01-APR-09 15:26:06,"XHIBIT",01-APR-09 15:26:06,1
38,"court_room_7",2,"XHIBIT",01-APR-09 15:26:06,"XHIBIT",01-APR-09 15:26:06,1
39,"court_room_8",2,"XHIBIT",01-APR-09 15:26:06,"XHIBIT",01-APR-09 15:26:06,1
40,"court_room_9",2,"XHIBIT",01-APR-09 15:26:06,"XHIBIT",01-APR-09 15:26:06,1
41,"court_room_10",2,"XHIBIT",01-APR-09 15:26:06,"XHIBIT",01-APR-09 15:26:06,1
42,"e_v",2,"XHIBIT",01-APR-09 15:26:06,"XHIBIT",01-APR-09 15:26:06,1
43,"reception",2,"XHIBIT",01-APR-09 15:26:06,"XHIBIT",01-APR-09 15:26:06,1
44,"public_restaurant",2,"XHIBIT",01-APR-09 15:26:06,"XHIBIT",01-APR-09 15:26:06,1
45,"jury_lounge",2,"XHIBIT",01-APR-09 15:26:06,"XHIBIT",01-APR-09 15:26:06,1
46,"witness_service",2,"XHIBIT",01-APR-09 15:26:06,"XHIBIT",01-APR-09 15:26:06,1
47,"police_1st_floor",2,"XHIBIT",01-APR-09 15:26:06,"XHIBIT",01-APR-09 15:26:06,1
1176,"b_a_s_r",1610,"XHIBIT",01-APR-09 15:26:06,"XHIBIT",01-APR-09 15:26:06,1
1177,"court_room_1",1610,"XHIBIT",01-APR-09 15:26:06,"XHIBIT",01-APR-09 15:26:06,1
1178,"court_room_2",1610,"XHIBIT",01-APR-09 15:26:06,"XHIBIT",01-APR-09 15:26:06,1
1179,"court_room_3",1610,"XHIBIT",01-APR-09 15:26:06,"XHIBIT",01-APR-09 15:26:06,1
1180,"court_room_4",1610,"XHIBIT",01-APR-09 15:26:06,"XHIBIT",01-APR-09 15:26:06,1
1181,"court_room_5",1610,"XHIBIT",01-APR-09 15:26:06,"XHIBIT",01-APR-09 15:26:06,1
1182,"court_room_6",1610,"XHIBIT",01-APR-09 15:26:06,"XHIBIT",01-APR-09 15:26:06,1
1183,"court_room_7",1610,"XHIBIT",01-APR-09 15:26:06,"XHIBIT",01-APR-09 15:26:06,1
1184,"court_room_8",1610,"XHIBIT",01-APR-09 15:26:06,"XHIBIT",01-APR-09 15:26:06,1
1185,"court_room_9",1610,"XHIBIT",01-APR-09 15:26:06,"XHIBIT",01-APR-09 15:26:06,1
1186,"court_room_10",1610,"XHIBIT",01-APR-09 15:26:06,"XHIBIT",01-APR-09 15:26:06,1
1187,"court_room_11",1610,"XHIBIT",01-APR-09 15:26:06,"XHIBIT",01-APR-09 15:26:06,1
1188,"court_room_12",1610,"XHIBIT",01-APR-09 15:26:06,"XHIBIT",01-APR-09 15:26:06,1
1189,"court_room_13",1610,"XHIBIT",01-APR-09 15:26:06,"XHIBIT",01-APR-09 15:26:06,1
1190,"court_room_14",1610,"XHIBIT",01-APR-09 15:26:06,"XHIBIT",01-APR-09 15:26:06,1
1191,"court_room_15",1610,"XHIBIT",01-APR-09 15:26:06,"XHIBIT",01-APR-09 15:26:06,1
1192,"court_room_16",1610,"XHIBIT",01-APR-09 15:26:06,"XHIBIT",01-APR-09 15:26:06,1
1193,"court_room_17",1610,"XHIBIT",01-APR-09 15:26:06,"XHIBIT",01-APR-09 15:26:06,1
1194,"court_room_18",1610,"XHIBIT",01-APR-09 15:26:06,"XHIBIT",01-APR-09 15:26:06,1
1195,"court_room_19",1610,"XHIBIT",01-APR-09 15:26:06,"XHIBIT",01-APR-09 15:26:06,1
1196,"court_room_20",1610,"XHIBIT",01-APR-09 15:26:06,"XHIBIT",01-APR-09 15:26:06,1
1197,"e_v",1610,"XHIBIT",01-APR-09 15:26:06,"XHIBIT",01-APR-09 15:26:06,1
1198,"v_i_p",1610,"XHIBIT",01-APR-09 15:26:06,"XHIBIT",01-APR-09 15:26:06,1
1199,"j_l_a_b",1610,"XHIBIT",01-APR-09 15:26:06,"XHIBIT",01-APR-09 15:26:06,1
1200,"jury_lounge",1610,"XHIBIT",01-APR-09 15:26:06,"XHIBIT",01-APR-09 15:26:06,1
1201,"n_w_c_w_a",1610,"XHIBIT",01-APR-09 15:26:06,"XHIBIT",01-APR-09 15:26:06,1
1202,"police_1st_floor",1610,"XHIBIT",01-APR-09 15:26:06,"XHIBIT",01-APR-09 15:26:06,1
1203,"ps_s_o_1st_floor",1610,"XHIBIT",01-APR-09 15:26:06,"XHIBIT",01-APR-09 15:26:06,1
1204,"public_restaurant",1610,"XHIBIT",01-APR-09 15:26:06,"XHIBIT",01-APR-09 15:26:06,1
1205,"reception",1610,"XHIBIT",01-APR-09 15:26:06,"XHIBIT",01-APR-09 15:26:06,1
1206,"witness_service",1610,"XHIBIT",01-APR-09 15:26:06,"XHIBIT",01-APR-09 15:26:06,1
48,"ps_s_o_1st_floor",2,"XHIBIT",01-APR-09 15:26:06,"XHIBIT",01-APR-09 15:26:06,1
49,"n_w_c_w_a",2,"XHIBIT",01-APR-09 15:26:06,"XHIBIT",01-APR-09 15:26:06,1
50,"b_a_s_r",2,"XHIBIT",01-APR-09 15:26:06,"XHIBIT",01-APR-09 15:26:06,1
51,"j_l_a_b",2,"XHIBIT",01-APR-09 15:26:06,"XHIBIT",01-APR-09 15:26:06,1
52,"v_i_p",2,"XHIBIT",01-APR-09 15:26:06,"XHIBIT",01-APR-09 15:26:06,1
53,"court_room_1",3,"XHIBIT",01-APR-09 15:26:06,"XHIBIT",01-APR-09 15:26:06,1
54,"court_room_2",3,"XHIBIT",01-APR-09 15:26:06,"XHIBIT",01-APR-09 15:26:06,1
55,"court_room_3",3,"XHIBIT",01-APR-09 15:26:06,"XHIBIT",01-APR-09 15:26:06,1
56,"court_room_4",3,"XHIBIT",01-APR-09 15:26:06,"XHIBIT",01-APR-09 15:26:06,1
57,"court_room_5",3,"XHIBIT",01-APR-09 15:26:06,"XHIBIT",01-APR-09 15:26:06,1
58,"court_room_6",3,"XHIBIT",01-APR-09 15:26:06,"XHIBIT",01-APR-09 15:26:06,1
59,"court_room_7",3,"XHIBIT",01-APR-09 15:26:06,"XHIBIT",01-APR-09 15:26:06,1
60,"court_room_8",3,"XHIBIT",01-APR-09 15:26:06,"XHIBIT",01-APR-09 15:26:06,1
705,"reception",421,"XHIBIT",01-APR-09 15:26:06,"XHIBIT",01-APR-09 15:26:06,1
706,"public_dining",421,"XHIBIT",01-APR-09 15:26:06,"XHIBIT",01-APR-09 15:26:06,1
707,"advocates_dining",421,"XHIBIT",01-APR-09 15:26:06,"XHIBIT",01-APR-09 15:26:06,1
708,"witness_service",421,"XHIBIT",01-APR-09 15:26:06,"XHIBIT",01-APR-09 15:26:06,1
709,"defence_witness",421,"XHIBIT",01-APR-09 15:26:06,"XHIBIT",01-APR-09 15:26:06,1
710,"public_dining_2",421,"XHIBIT",01-APR-09 15:26:06,"XHIBIT",01-APR-09 15:26:06,1
711,"court_1",421,"XHIBIT",01-APR-09 15:26:06,"XHIBIT",01-APR-09 15:26:06,1
712,"court_2",421,"XHIBIT",01-APR-09 15:26:06,"XHIBIT",01-APR-09 15:26:06,1
713,"court_3",421,"XHIBIT",01-APR-09 15:26:06,"XHIBIT",01-APR-09 15:26:06,1
714,"court_4",421,"XHIBIT",01-APR-09 15:26:06,"XHIBIT",01-APR-09 15:26:06,1
715,"court_5",421,"XHIBIT",01-APR-09 15:26:06,"XHIBIT",01-APR-09 15:26:06,1
716,"court_6",421,"XHIBIT",01-APR-09 15:26:06,"XHIBIT",01-APR-09 15:26:06,1
73,"e_v",3,"XHIBIT",01-APR-09 15:26:06,"XHIBIT",01-APR-09 15:26:06,1
74,"reception",3,"XHIBIT",01-APR-09 15:26:06,"XHIBIT",01-APR-09 15:26:06,1
75,"public_restaurant",3,"XHIBIT",01-APR-09 15:26:06,"XHIBIT",01-APR-09 15:26:06,1
76,"jury_lounge",3,"XHIBIT",01-APR-09 15:26:06,"XHIBIT",01-APR-09 15:26:06,1
77,"witness_service",3,"XHIBIT",01-APR-09 15:26:06,"XHIBIT",01-APR-09 15:26:06,1
78,"police_1st_floor",3,"XHIBIT",01-APR-09 15:26:06,"XHIBIT",01-APR-09 15:26:06,1
79,"ps_s_o_1st_floor",3,"XHIBIT",01-APR-09 15:26:06,"XHIBIT",01-APR-09 15:26:06,1
80,"n_w_c_w_a",3,"XHIBIT",01-APR-09 15:26:06,"XHIBIT",01-APR-09 15:26:06,1
81,"b_a_s_r",3,"XHIBIT",01-APR-09 15:26:06,"XHIBIT",01-APR-09 15:26:06,1
717,"court_7",421,"XHIBIT",01-APR-09 15:26:06,"XHIBIT",01-APR-09 15:26:06,1
83,"v_i_p",3,"XHIBIT",01-APR-09 15:26:06,"XHIBIT",01-APR-09 15:26:06,1
718,"court_8",421,"XHIBIT",01-APR-09 15:26:06,"XHIBIT",01-APR-09 15:26:06,1
719,"court_9",421,"XHIBIT",01-APR-09 15:26:06,"XHIBIT",01-APR-09 15:26:06,1
720,"court_10",421,"XHIBIT",01-APR-09 15:26:06,"XHIBIT",01-APR-09 15:26:06,1
721,"jury_assembly",421,"XHIBIT",01-APR-09 15:26:06,"XHIBIT",01-APR-09 15:26:06,1
722,"advocates_robing",421,"XHIBIT",01-APR-09 15:26:06,"XHIBIT",01-APR-09 15:26:06,1
723,"v_i_p",421,"XHIBIT",01-APR-09 15:26:06,"XHIBIT",01-APR-09 15:26:06,1
1131,"jury_assembly",782,"XHIBIT",01-APR-09 15:26:06,"XHIBIT",01-APR-09 15:26:06,1
1132,"court_waiting",782,"XHIBIT",01-APR-09 15:26:06,"XHIBIT",01-APR-09 15:26:06,1
1133,"v_i_p",782,"XHIBIT",01-APR-09 15:26:06,"XHIBIT",01-APR-09 15:26:06,1
606,"main_reception",361,"XHIBIT",01-APR-09 15:26:06,"XHIBIT",01-APR-09 15:26:06,1
607,"public_dining_1",361,"XHIBIT",01-APR-09 15:26:06,"XHIBIT",01-APR-09 15:26:06,1
608,"public_dining_2",361,"XHIBIT",01-APR-09 15:26:06,"XHIBIT",01-APR-09 15:26:06,1
609,"court_1",361,"XHIBIT",01-APR-09 15:26:06,"XHIBIT",01-APR-09 15:26:06,1
610,"court_15",361,"XHIBIT",01-APR-09 15:26:06,"XHIBIT",01-APR-09 15:26:06,1
611,"court_2",361,"XHIBIT",01-APR-09 15:26:06,"XHIBIT",01-APR-09 15:26:06,1
612,"court_6",361,"XHIBIT",01-APR-09 15:26:06,"XHIBIT",01-APR-09 15:26:06,1
613,"court_5",361,"XHIBIT",01-APR-09 15:26:06,"XHIBIT",01-APR-09 15:26:06,1
614,"court_4",361,"XHIBIT",01-APR-09 15:26:06,"XHIBIT",01-APR-09 15:26:06,1
615,"court_3",361,"XHIBIT",01-APR-09 15:26:06,"XHIBIT",01-APR-09 15:26:06,1
616,"court_7",361,"XHIBIT",01-APR-09 15:26:06,"XHIBIT",01-APR-09 15:26:06,1
617,"court_8",361,"XHIBIT",01-APR-09 15:26:06,"XHIBIT",01-APR-09 15:26:06,1
618,"court_9",361,"XHIBIT",01-APR-09 15:26:06,"XHIBIT",01-APR-09 15:26:06,1
619,"court_10",361,"XHIBIT",01-APR-09 15:26:06,"XHIBIT",01-APR-09 15:26:06,1
620,"court_11",361,"XHIBIT",01-APR-09 15:26:06,"XHIBIT",01-APR-09 15:26:06,1
621,"court_12",361,"XHIBIT",01-APR-09 15:26:06,"XHIBIT",01-APR-09 15:26:06,1
622,"court_13",361,"XHIBIT",01-APR-09 15:26:06,"XHIBIT",01-APR-09 15:26:06,1
623,"court_14",361,"XHIBIT",01-APR-09 15:26:06,"XHIBIT",01-APR-09 15:26:06,1
624,"jury_waiting",361,"XHIBIT",01-APR-09 15:26:06,"XHIBIT",01-APR-09 15:26:06,1
625,"witness_waiting_area",361,"XHIBIT",01-APR-09 15:26:06,"XHIBIT",01-APR-09 15:26:06,1
626,"advocates_dining",361,"XHIBIT",01-APR-09 15:26:06,"XHIBIT",01-APR-09 15:26:06,1
627,"v_i_p",361,"XHIBIT",01-APR-09 15:26:06,"XHIBIT",01-APR-09 15:26:06,1
523,"public_waiting_area",318,"XHIBIT",01-APR-09 15:26:06,"XHIBIT",01-APR-09 15:26:06,1
524,"public_canteen",318,"XHIBIT",01-APR-09 15:26:06,"XHIBIT",01-APR-09 15:26:06,1
525,"court_4",318,"XHIBIT",01-APR-09 15:26:06,"XHIBIT",01-APR-09 15:26:06,1
526,"court_3",318,"XHIBIT",01-APR-09 15:26:06,"XHIBIT",01-APR-09 15:26:06,1
527,"court_2",318,"XHIBIT",01-APR-09 15:26:06,"XHIBIT",01-APR-09 15:26:06,1
528,"jury_suite_assembly",318,"XHIBIT",01-APR-09 15:26:06,"XHIBIT",01-APR-09 15:26:06,1
529,"witness_waiting_room",318,"XHIBIT",01-APR-09 15:26:06,"XHIBIT",01-APR-09 15:26:06,1
530,"advocates_room",318,"XHIBIT",01-APR-09 15:26:06,"XHIBIT",01-APR-09 15:26:06,1
531,"v_i_p",318,"XHIBIT",01-APR-09 15:26:06,"XHIBIT",01-APR-09 15:26:06,1
724,"reception",425,"XHIBIT",01-APR-09 15:26:06,"XHIBIT",01-APR-09 15:26:06,1
725,"witness_service",425,"XHIBIT",01-APR-09 15:26:06,"XHIBIT",01-APR-09 15:26:06,1
726,"advocates_dining",425,"XHIBIT",01-APR-09 15:26:06,"XHIBIT",01-APR-09 15:26:06,1
727,"public_dining",425,"XHIBIT",01-APR-09 15:26:06,"XHIBIT",01-APR-09 15:26:06,1
328,"barristers_lounge",151,"XHIBIT",01-APR-09 15:26:06,"XHIBIT",01-APR-09 15:26:06,1
329,"witness_waiting",151,"XHIBIT",01-APR-09 15:26:06,"XHIBIT",01-APR-09 15:26:06,1
330,"court_1",151,"XHIBIT",01-APR-09 15:26:06,"XHIBIT",01-APR-09 15:26:06,1
331,"court_2",151,"XHIBIT",01-APR-09 15:26:06,"XHIBIT",01-APR-09 15:26:06,1
332,"court_3",151,"XHIBIT",01-APR-09 15:26:06,"XHIBIT",01-APR-09 15:26:06,1
333,"main_reception",151,"XHIBIT",01-APR-09 15:26:06,"XHIBIT",01-APR-09 15:26:06,1
334,"jury_waiting",151,"XHIBIT",01-APR-09 15:26:06,"XHIBIT",01-APR-09 15:26:06,1
335,"v_i_p",151,"XHIBIT",01-APR-09 15:26:06,"XHIBIT",01-APR-09 15:26:06,1
744,"public_waiting",428,"XHIBIT",01-APR-09 15:26:06,"XHIBIT",01-APR-09 15:26:06,1
745,"public_dining",428,"XHIBIT",01-APR-09 15:26:06,"XHIBIT",01-APR-09 15:26:06,1
746,"advocates_dining",428,"XHIBIT",01-APR-09 15:26:06,"XHIBIT",01-APR-09 15:26:06,1
747,"reception",428,"XHIBIT",01-APR-09 15:26:06,"XHIBIT",01-APR-09 15:26:06,1
748,"vulnerable_witness",428,"XHIBIT",01-APR-09 15:26:06,"XHIBIT",01-APR-09 15:26:06,1
749,"court_1",428,"XHIBIT",01-APR-09 15:26:06,"XHIBIT",01-APR-09 15:26:06,1
750,"court_2",428,"XHIBIT",01-APR-09 15:26:06,"XHIBIT",01-APR-09 15:26:06,1
751,"court_3",428,"XHIBIT",01-APR-09 15:26:06,"XHIBIT",01-APR-09 15:26:06,1
752,"court_4",428,"XHIBIT",01-APR-09 15:26:06,"XHIBIT",01-APR-09 15:26:06,1
753,"court_5",428,"XHIBIT",01-APR-09 15:26:06,"XHIBIT",01-APR-09 15:26:06,1
754,"court_6",428,"XHIBIT",01-APR-09 15:26:06,"XHIBIT",01-APR-09 15:26:06,1
755,"court_7",428,"XHIBIT",01-APR-09 15:26:06,"XHIBIT",01-APR-09 15:26:06,1
756,"court_8",428,"XHIBIT",01-APR-09 15:26:06,"XHIBIT",01-APR-09 15:26:06,1
757,"jury_assembly",428,"XHIBIT",01-APR-09 15:26:06,"XHIBIT",01-APR-09 15:26:06,1
758,"witness_room_1",428,"XHIBIT",01-APR-09 15:26:06,"XHIBIT",01-APR-09 15:26:06,1
759,"witness_room_2",428,"XHIBIT",01-APR-09 15:26:06,"XHIBIT",01-APR-09 15:26:06,1
760,"v_i_p",428,"XHIBIT",01-APR-09 15:26:06,"XHIBIT",01-APR-09 15:26:06,1
849,"concourse",484,"XHIBIT",01-APR-09 15:26:06,"XHIBIT",01-APR-09 15:26:06,1
850,"advocates_lounge",484,"XHIBIT",01-APR-09 15:26:06,"XHIBIT",01-APR-09 15:26:06,1
851,"witness_assembly",484,"XHIBIT",01-APR-09 15:26:06,"XHIBIT",01-APR-09 15:26:06,1
852,"public_dining",484,"XHIBIT",01-APR-09 15:26:06,"XHIBIT",01-APR-09 15:26:06,1
853,"public_concourse",484,"XHIBIT",01-APR-09 15:26:06,"XHIBIT",01-APR-09 15:26:06,1
854,"court_1",484,"XHIBIT",01-APR-09 15:26:06,"XHIBIT",01-APR-09 15:26:06,1
855,"court_2",484,"XHIBIT",01-APR-09 15:26:06,"XHIBIT",01-APR-09 15:26:06,1
856,"court_3",484,"XHIBIT",01-APR-09 15:26:06,"XHIBIT",01-APR-09 15:26:06,1
857,"court_4",484,"XHIBIT",01-APR-09 15:26:06,"XHIBIT",01-APR-09 15:26:06,1
858,"court_5",484,"XHIBIT",01-APR-09 15:26:06,"XHIBIT",01-APR-09 15:26:06,1
859,"court_6",484,"XHIBIT",01-APR-09 15:26:06,"XHIBIT",01-APR-09 15:26:06,1
860,"court_7",484,"XHIBIT",01-APR-09 15:26:06,"XHIBIT",01-APR-09 15:26:06,1
861,"court_8",484,"XHIBIT",01-APR-09 15:26:06,"XHIBIT",01-APR-09 15:26:06,1
862,"court_9",484,"XHIBIT",01-APR-09 15:26:06,"XHIBIT",01-APR-09 15:26:06,1
863,"court_10",484,"XHIBIT",01-APR-09 15:26:06,"XHIBIT",01-APR-09 15:26:06,1
864,"court_11",484,"XHIBIT",01-APR-09 15:26:06,"XHIBIT",01-APR-09 15:26:06,1
865,"court_12",484,"XHIBIT",01-APR-09 15:26:06,"XHIBIT",01-APR-09 15:26:06,1
866,"jury_lounge",484,"XHIBIT",01-APR-09 15:26:06,"XHIBIT",01-APR-09 15:26:06,1
867,"jury_lounge",484,"XHIBIT",01-APR-09 15:26:06,"XHIBIT",01-APR-09 15:26:06,1
868,"advocates_robing_room",484,"XHIBIT",01-APR-09 15:26:06,"XHIBIT",01-APR-09 15:26:06,1
869,"barristers_dining",484,"XHIBIT",01-APR-09 15:26:06,"XHIBIT",01-APR-09 15:26:06,1
870,"v_i_p",484,"XHIBIT",01-APR-09 15:26:06,"XHIBIT",01-APR-09 15:26:06,1
871,"advocates_dining",485,"XHIBIT",01-APR-09 15:26:06,"XHIBIT",01-APR-09 15:26:06,1
872,"court_14",485,"XHIBIT",01-APR-09 15:26:06,"XHIBIT",01-APR-09 15:26:06,1
873,"court_15",485,"XHIBIT",01-APR-09 15:26:06,"XHIBIT",01-APR-09 15:26:06,1
874,"court_16",485,"XHIBIT",01-APR-09 15:26:06,"XHIBIT",01-APR-09 15:26:06,1
875,"court_17",485,"XHIBIT",01-APR-09 15:26:06,"XHIBIT",01-APR-09 15:26:06,1
876,"jury_assembly",485,"XHIBIT",01-APR-09 15:26:06,"XHIBIT",01-APR-09 15:26:06,1
877,"main_entrance",485,"XHIBIT",01-APR-09 15:26:06,"XHIBIT",01-APR-09 15:26:06,1
878,"witness_waiting",485,"XHIBIT",01-APR-09 15:26:06,"XHIBIT",01-APR-09 15:26:06,1
879,"v_i_p",485,"XHIBIT",01-APR-09 15:26:06,"XHIBIT",01-APR-09 15:26:06,1
124,"court_restaurant",11,"XHIBIT",01-APR-09 15:26:06,"XHIBIT",01-APR-09 15:26:06,1
125,"advocates_dining",11,"XHIBIT",01-APR-09 15:26:06,"XHIBIT",01-APR-09 15:26:06,1
126,"information_desk",11,"XHIBIT",01-APR-09 15:26:06,"XHIBIT",01-APR-09 15:26:06,1
127,"court_room_1",11,"XHIBIT",01-APR-09 15:26:06,"XHIBIT",01-APR-09 15:26:06,1
128,"court_room_2",11,"XHIBIT",01-APR-09 15:26:06,"XHIBIT",01-APR-09 15:26:06,1
129,"court_room_3",11,"XHIBIT",01-APR-09 15:26:06,"XHIBIT",01-APR-09 15:26:06,1
130,"court_room_4",11,"XHIBIT",01-APR-09 15:26:06,"XHIBIT",01-APR-09 15:26:06,1
131,"court_room_5",11,"XHIBIT",01-APR-09 15:26:06,"XHIBIT",01-APR-09 15:26:06,1
132,"court_room_6",11,"XHIBIT",01-APR-09 15:26:06,"XHIBIT",01-APR-09 15:26:06,1
133,"jury_assembly",11,"XHIBIT",01-APR-09 15:26:06,"XHIBIT",01-APR-09 15:26:06,1
134,"receptionentrancelobby",11,"XHIBIT",01-APR-09 15:26:06,"XHIBIT",01-APR-09 15:26:06,1
135,"prosecution_viw_suite",11,"XHIBIT",01-APR-09 15:26:06,"XHIBIT",01-APR-09 15:26:06,1
136,"public_dining",12,"XHIBIT",01-APR-09 15:26:06,"XHIBIT",01-APR-09 15:26:06,1
137,"public_dining",12,"XHIBIT",01-APR-09 15:26:06,"XHIBIT",01-APR-09 15:26:06,1
138,"advocates_dining",12,"XHIBIT",01-APR-09 15:26:06,"XHIBIT",01-APR-09 15:26:06,1
139,"court_1",12,"XHIBIT",01-APR-09 15:26:06,"XHIBIT",01-APR-09 15:26:06,1
140,"court_2",12,"XHIBIT",01-APR-09 15:26:06,"XHIBIT",01-APR-09 15:26:06,1
141,"court_3",12,"XHIBIT",01-APR-09 15:26:06,"XHIBIT",01-APR-09 15:26:06,1
142,"court_4",12,"XHIBIT",01-APR-09 15:26:06,"XHIBIT",01-APR-09 15:26:06,1
143,"jury_assembly",12,"XHIBIT",01-APR-09 15:26:06,"XHIBIT",01-APR-09 15:26:06,1
144,"reception_desk",12,"XHIBIT",01-APR-09 15:26:06,"XHIBIT",01-APR-09 15:26:06,1
146,"v_i_p",6,"XHIBIT",01-APR-09 15:26:06,"XHIBIT",01-APR-09 15:26:06,1
148,"v_i_p",11,"XHIBIT",01-APR-09 15:26:06,"XHIBIT",01-APR-09 15:26:06,1
692,"reception",420,"XHIBIT",01-APR-09 15:26:06,"XHIBIT",01-APR-09 15:26:06,1
693,"public_canteen",420,"XHIBIT",01-APR-09 15:26:06,"XHIBIT",01-APR-09 15:26:06,1
694,"court_2",420,"XHIBIT",01-APR-09 15:26:06,"XHIBIT",01-APR-09 15:26:06,1
695,"court_1",420,"XHIBIT",01-APR-09 15:26:06,"XHIBIT",01-APR-09 15:26:06,1
696,"court_5",420,"XHIBIT",01-APR-09 15:26:06,"XHIBIT",01-APR-09 15:26:06,1
697,"court_3",420,"XHIBIT",01-APR-09 15:26:06,"XHIBIT",01-APR-09 15:26:06,1
698,"court_6",420,"XHIBIT",01-APR-09 15:26:06,"XHIBIT",01-APR-09 15:26:06,1
699,"court_7",420,"XHIBIT",01-APR-09 15:26:06,"XHIBIT",01-APR-09 15:26:06,1
700,"court_4",420,"XHIBIT",01-APR-09 15:26:06,"XHIBIT",01-APR-09 15:26:06,1
701,"jury_assembly",420,"XHIBIT",01-APR-09 15:26:06,"XHIBIT",01-APR-09 15:26:06,1
702,"witness_waiting",420,"XHIBIT",01-APR-09 15:26:06,"XHIBIT",01-APR-09 15:26:06,1
703,"witness_support",420,"XHIBIT",01-APR-09 15:26:06,"XHIBIT",01-APR-09 15:26:06,1
704,"v_i_p",420,"XHIBIT",01-APR-09 15:26:06,"XHIBIT",01-APR-09 15:26:06,1
777,"reception_list_1",439,"XHIBIT",01-APR-09 15:26:06,"XHIBIT",01-APR-09 15:26:06,1
778,"reception_list_2",439,"XHIBIT",01-APR-09 15:26:06,"XHIBIT",01-APR-09 15:26:06,1
779,"advocates_dining",439,"XHIBIT",01-APR-09 15:26:06,"XHIBIT",01-APR-09 15:26:06,1
780,"jury_dining",439,"XHIBIT",01-APR-09 15:26:06,"XHIBIT",01-APR-09 15:26:06,1
781,"public_canteen",439,"XHIBIT",01-APR-09 15:26:06,"XHIBIT",01-APR-09 15:26:06,1
782,"court_1",439,"XHIBIT",01-APR-09 15:26:06,"XHIBIT",01-APR-09 15:26:06,1
783,"court_2",439,"XHIBIT",01-APR-09 15:26:06,"XHIBIT",01-APR-09 15:26:06,1
784,"court_3",439,"XHIBIT",01-APR-09 15:26:06,"XHIBIT",01-APR-09 15:26:06,1
785,"court_4",439,"XHIBIT",01-APR-09 15:26:06,"XHIBIT",01-APR-09 15:26:06,1
786,"court_6",439,"XHIBIT",01-APR-09 15:26:06,"XHIBIT",01-APR-09 15:26:06,1
787,"court_5",439,"XHIBIT",01-APR-09 15:26:06,"XHIBIT",01-APR-09 15:26:06,1
788,"court_7",439,"XHIBIT",01-APR-09 15:26:06,"XHIBIT",01-APR-09 15:26:06,1
789,"court_8",439,"XHIBIT",01-APR-09 15:26:06,"XHIBIT",01-APR-09 15:26:06,1
790,"court_9",439,"XHIBIT",01-APR-09 15:26:06,"XHIBIT",01-APR-09 15:26:06,1
791,"court_10",439,"XHIBIT",01-APR-09 15:26:06,"XHIBIT",01-APR-09 15:26:06,1
792,"swan_st_court_11",439,"XHIBIT",01-APR-09 15:26:06,"XHIBIT",01-APR-09 15:26:06,1
793,"swan_st_court_12",439,"XHIBIT",01-APR-09 15:26:06,"XHIBIT",01-APR-09 15:26:06,1
794,"swan_st_court_13",439,"XHIBIT",01-APR-09 15:26:06,"XHIBIT",01-APR-09 15:26:06,1
795,"jury_assembly_1",439,"XHIBIT",01-APR-09 15:26:06,"XHIBIT",01-APR-09 15:26:06,1
796,"jury_assembly_2",439,"XHIBIT",01-APR-09 15:26:06,"XHIBIT",01-APR-09 15:26:06,1
797,"witness_support",439,"XHIBIT",01-APR-09 15:26:06,"XHIBIT",01-APR-09 15:26:06,1
798,"v_i_p",439,"XHIBIT",01-APR-09 15:26:06,"XHIBIT",01-APR-09 15:26:06,1
147,"v_i_p",12,"XHIBIT",01-APR-09 15:26:06,"XHIBIT",01-APR-09 15:26:06,1
761,"public_dining",429,"XHIBIT",01-APR-09 15:26:06,"XHIBIT",01-APR-09 15:26:06,1
762,"court_1",429,"XHIBIT",01-APR-09 15:26:06,"XHIBIT",01-APR-09 15:26:06,1
763,"court_2",429,"XHIBIT",01-APR-09 15:26:06,"XHIBIT",01-APR-09 15:26:06,1
764,"court_3",429,"XHIBIT",01-APR-09 15:26:06,"XHIBIT",01-APR-09 15:26:06,1
765,"court_4",429,"XHIBIT",01-APR-09 15:26:06,"XHIBIT",01-APR-09 15:26:06,1
766,"court_5",429,"XHIBIT",01-APR-09 15:26:06,"XHIBIT",01-APR-09 15:26:06,1
767,"court_6",429,"XHIBIT",01-APR-09 15:26:06,"XHIBIT",01-APR-09 15:26:06,1
768,"court_7",429,"XHIBIT",01-APR-09 15:26:06,"XHIBIT",01-APR-09 15:26:06,1
769,"court_8",429,"XHIBIT",01-APR-09 15:26:06,"XHIBIT",01-APR-09 15:26:06,1
770,"court_9",429,"XHIBIT",01-APR-09 15:26:06,"XHIBIT",01-APR-09 15:26:06,1
771,"jury_assembly",429,"XHIBIT",01-APR-09 15:26:06,"XHIBIT",01-APR-09 15:26:06,1
198,"court_1",80,"XHIBIT",01-APR-09 15:26:06,"XHIBIT",01-APR-09 15:26:06,1
1161,"public_dining",1606,"XHIBIT",01-APR-09 15:26:06,"XHIBIT",01-APR-09 15:26:06,1
1162,"jury_dining",1606,"XHIBIT",01-APR-09 15:26:06,"XHIBIT",01-APR-09 15:26:06,1
1163,"public_waiting",1606,"XHIBIT",01-APR-09 15:26:06,"XHIBIT",01-APR-09 15:26:06,1
1164,"court_1",1606,"XHIBIT",01-APR-09 15:26:06,"XHIBIT",01-APR-09 15:26:06,1
1165,"court_2",1606,"XHIBIT",01-APR-09 15:26:06,"XHIBIT",01-APR-09 15:26:06,1
1166,"court_3",1606,"XHIBIT",01-APR-09 15:26:06,"XHIBIT",01-APR-09 15:26:06,1
1167,"court_4",1606,"XHIBIT",01-APR-09 15:26:06,"XHIBIT",01-APR-09 15:26:06,1
1168,"barristers_lounge",1606,"XHIBIT",01-APR-09 15:26:06,"XHIBIT",01-APR-09 15:26:06,1
1169,"witness_waiting",1606,"XHIBIT",01-APR-09 15:26:06,"XHIBIT",01-APR-09 15:26:06,1
1170,"v_i_p",1606,"XHIBIT",01-APR-09 15:26:06,"XHIBIT",01-APR-09 15:26:06,1
1171,"v_i_p",1607,"XHIBIT",01-APR-09 15:26:06,"XHIBIT",01-APR-09 15:26:06,1
1172,"v_i_p",1608,"XHIBIT",01-APR-09 15:26:06,"XHIBIT",01-APR-09 15:26:06,1
1173,"criminal_court",1609,"XHIBIT",01-APR-09 15:26:06,"XHIBIT",01-APR-09 15:26:06,1
1174,"civil_court",1609,"XHIBIT",01-APR-09 15:26:06,"XHIBIT",01-APR-09 15:26:06,1
1175,"v_i_p",1609,"XHIBIT",01-APR-09 15:26:06,"XHIBIT",01-APR-09 15:26:06,1
772,"main_reception",429,"XHIBIT",01-APR-09 15:26:06,"XHIBIT",01-APR-09 15:26:06,1
773,"witness_waiting_1",429,"XHIBIT",01-APR-09 15:26:06,"XHIBIT",01-APR-09 15:26:06,1
774,"witness_waiting_2",429,"XHIBIT",01-APR-09 15:26:06,"XHIBIT",01-APR-09 15:26:06,1
775,"barristers_room",429,"XHIBIT",01-APR-09 15:26:06,"XHIBIT",01-APR-09 15:26:06,1
776,"v_i_p",429,"XHIBIT",01-APR-09 15:26:06,"XHIBIT",01-APR-09 15:26:06,1
973,"main_entrance_rh",328,"XHIBIT",01-APR-09 15:26:06,"XHIBIT",01-APR-09 15:26:06,1
974,"main_entrance_lh",328,"XHIBIT",01-APR-09 15:26:06,"XHIBIT",01-APR-09 15:26:06,1
975,"sec_cont_rm",328,"XHIBIT",01-APR-09 15:26:06,"XHIBIT",01-APR-09 15:26:06,1
976,"sec_rm_nth_dr",328,"XHIBIT",01-APR-09 15:26:06,"XHIBIT",01-APR-09 15:26:06,1
977,"pub_gal_ent",328,"XHIBIT",01-APR-09 15:26:06,"XHIBIT",01-APR-09 15:26:06,1
978,"pub_gal_5_to_8",328,"XHIBIT",01-APR-09 15:26:06,"XHIBIT",01-APR-09 15:26:06,1
979,"pub_gal_13_to_16",328,"XHIBIT",01-APR-09 15:26:06,"XHIBIT",01-APR-09 15:26:06,1
980,"pub_gall_9_to_12",328,"XHIBIT",01-APR-09 15:26:06,"XHIBIT",01-APR-09 15:26:06,1
981,"security_room_sth_dr",328,"XHIBIT",01-APR-09 15:26:06,"XHIBIT",01-APR-09 15:26:06,1
1001,"public_waiting",595,"XHIBIT",01-APR-09 15:26:06,"XHIBIT",01-APR-09 15:26:06,1
1002,"public_dining",595,"XHIBIT",01-APR-09 15:26:06,"XHIBIT",01-APR-09 15:26:06,1
1003,"jury_assembly",595,"XHIBIT",01-APR-09 15:26:06,"XHIBIT",01-APR-09 15:26:06,1
1004,"reception",595,"XHIBIT",01-APR-09 15:26:06,"XHIBIT",01-APR-09 15:26:06,1
1005,"court_2",595,"XHIBIT",01-APR-09 15:26:06,"XHIBIT",01-APR-09 15:26:06,1
1006,"court_1",595,"XHIBIT",01-APR-09 15:26:06,"XHIBIT",01-APR-09 15:26:06,1
1007,"advocates",595,"XHIBIT",01-APR-09 15:26:06,"XHIBIT",01-APR-09 15:26:06,1
1008,"solicitors",595,"XHIBIT",01-APR-09 15:26:06,"XHIBIT",01-APR-09 15:26:06,1
1009,"v_i_p",595,"XHIBIT",01-APR-09 15:26:06,"XHIBIT",01-APR-09 15:26:06,1
1134,"reception",903,"XHIBIT",01-APR-09 15:26:06,"XHIBIT",01-APR-09 15:26:06,1
1135,"public_dining",903,"XHIBIT",01-APR-09 15:26:06,"XHIBIT",01-APR-09 15:26:06,1
1136,"witness_waiting",903,"XHIBIT",01-APR-09 15:26:06,"XHIBIT",01-APR-09 15:26:06,1
1137,"court_7",903,"XHIBIT",01-APR-09 15:26:06,"XHIBIT",01-APR-09 15:26:06,1
1138,"court_8",903,"XHIBIT",01-APR-09 15:26:06,"XHIBIT",01-APR-09 15:26:06,1
1139,"court9",903,"XHIBIT",01-APR-09 15:26:06,"XHIBIT",01-APR-09 15:26:06,1
1140,"court_6",903,"XHIBIT",01-APR-09 15:26:06,"XHIBIT",01-APR-09 15:26:06,1
1141,"court_5",903,"XHIBIT",01-APR-09 15:26:06,"XHIBIT",01-APR-09 15:26:06,1
1142,"court_4",903,"XHIBIT",01-APR-09 15:26:06,"XHIBIT",01-APR-09 15:26:06,1
1143,"court_3",903,"XHIBIT",01-APR-09 15:26:06,"XHIBIT",01-APR-09 15:26:06,1
1144,"court_2",903,"XHIBIT",01-APR-09 15:26:06,"XHIBIT",01-APR-09 15:26:06,1
1145,"court_1",903,"XHIBIT",01-APR-09 15:26:06,"XHIBIT",01-APR-09 15:26:06,1
1146,"court_12",903,"XHIBIT",01-APR-09 15:26:06,"XHIBIT",01-APR-09 15:26:06,1
1147,"court_13",903,"XHIBIT",01-APR-09 15:26:06,"XHIBIT",01-APR-09 15:26:06,1
1148,"court_14",903,"XHIBIT",01-APR-09 15:26:06,"XHIBIT",01-APR-09 15:26:06,1
1149,"court_15",903,"XHIBIT",01-APR-09 15:26:06,"XHIBIT",01-APR-09 15:26:06,1
1150,"jury_assembly_room",903,"XHIBIT",01-APR-09 15:26:06,"XHIBIT",01-APR-09 15:26:06,1
1151,"advocate_dining",903,"XHIBIT",01-APR-09 15:26:06,"XHIBIT",01-APR-09 15:26:06,1
1152,"v_i_p",903,"XHIBIT",01-APR-09 15:26:06,"XHIBIT",01-APR-09 15:26:06,1
336,"witness_services",162,"XHIBIT",01-APR-09 15:26:06,"XHIBIT",01-APR-09 15:26:06,1
337,"public_concourse",162,"XHIBIT",01-APR-09 15:26:06,"XHIBIT",01-APR-09 15:26:06,1
338,"public_dining",162,"XHIBIT",01-APR-09 15:26:06,"XHIBIT",01-APR-09 15:26:06,1
339,"barrister_suite",162,"XHIBIT",01-APR-09 15:26:06,"XHIBIT",01-APR-09 15:26:06,1
340,"court_1",162,"XHIBIT",01-APR-09 15:26:06,"XHIBIT",01-APR-09 15:26:06,1
341,"court_2",162,"XHIBIT",01-APR-09 15:26:06,"XHIBIT",01-APR-09 15:26:06,1
342,"court_3",162,"XHIBIT",01-APR-09 15:26:06,"XHIBIT",01-APR-09 15:26:06,1
343,"court_4",162,"XHIBIT",01-APR-09 15:26:06,"XHIBIT",01-APR-09 15:26:06,1
344,"court_5",162,"XHIBIT",01-APR-09 15:26:06,"XHIBIT",01-APR-09 15:26:06,1
345,"court_6",162,"XHIBIT",01-APR-09 15:26:06,"XHIBIT",01-APR-09 15:26:06,1
346,"court_7",162,"XHIBIT",01-APR-09 15:26:06,"XHIBIT",01-APR-09 15:26:06,1
347,"court_8",162,"XHIBIT",01-APR-09 15:26:06,"XHIBIT",01-APR-09 15:26:06,1
348,"court_9",162,"XHIBIT",01-APR-09 15:26:06,"XHIBIT",01-APR-09 15:26:06,1
349,"jury_assembly",162,"XHIBIT",01-APR-09 15:26:06,"XHIBIT",01-APR-09 15:26:06,1
350,"main_entrance",162,"XHIBIT",01-APR-09 15:26:06,"XHIBIT",01-APR-09 15:26:06,1
351,"v_i_p",162,"XHIBIT",01-APR-09 15:26:06,"XHIBIT",01-APR-09 15:26:06,1
1153,"reception",1113,"XHIBIT",01-APR-09 15:26:06,"XHIBIT",01-APR-09 15:26:06,1
1154,"jury_dining",1113,"XHIBIT",01-APR-09 15:26:06,"XHIBIT",01-APR-09 15:26:06,1
1155,"witness_waiting",1113,"XHIBIT",01-APR-09 15:26:06,"XHIBIT",01-APR-09 15:26:06,1
1156,"court_1",1113,"XHIBIT",01-APR-09 15:26:06,"XHIBIT",01-APR-09 15:26:06,1
1157,"court_2",1113,"XHIBIT",01-APR-09 15:26:06,"XHIBIT",01-APR-09 15:26:06,1
1158,"court_3",1113,"XHIBIT",01-APR-09 15:26:06,"XHIBIT",01-APR-09 15:26:06,1
1159,"barristers_robing",1113,"XHIBIT",01-APR-09 15:26:06,"XHIBIT",01-APR-09 15:26:06,1
1160,"v_i_p",1113,"XHIBIT",01-APR-09 15:26:06,"XHIBIT",01-APR-09 15:26:06,1
657,"main_reception",394,"XHIBIT",01-APR-09 15:26:06,"XHIBIT",01-APR-09 15:26:06,1
658,"advocates_dining",394,"XHIBIT",01-APR-09 15:26:06,"XHIBIT",01-APR-09 15:26:06,1
659,"public_dining",394,"XHIBIT",01-APR-09 15:26:06,"XHIBIT",01-APR-09 15:26:06,1
660,"witness_service",394,"XHIBIT",01-APR-09 15:26:06,"XHIBIT",01-APR-09 15:26:06,1
661,"court_1",394,"XHIBIT",01-APR-09 15:26:06,"XHIBIT",01-APR-09 15:26:06,1
662,"court_2",394,"XHIBIT",01-APR-09 15:26:06,"XHIBIT",01-APR-09 15:26:06,1
663,"court_3",394,"XHIBIT",01-APR-09 15:26:06,"XHIBIT",01-APR-09 15:26:06,1
664,"court_4",394,"XHIBIT",01-APR-09 15:26:06,"XHIBIT",01-APR-09 15:26:06,1
665,"court_5",394,"XHIBIT",01-APR-09 15:26:06,"XHIBIT",01-APR-09 15:26:06,1
666,"court_6",394,"XHIBIT",01-APR-09 15:26:06,"XHIBIT",01-APR-09 15:26:06,1
667,"court_7",394,"XHIBIT",01-APR-09 15:26:06,"XHIBIT",01-APR-09 15:26:06,1
668,"court_8",394,"XHIBIT",01-APR-09 15:26:06,"XHIBIT",01-APR-09 15:26:06,1
669,"jury_assembly",394,"XHIBIT",01-APR-09 15:26:06,"XHIBIT",01-APR-09 15:26:06,1
670,"v_i_p",394,"XHIBIT",01-APR-09 15:26:06,"XHIBIT",01-APR-09 15:26:06,1
1,"court_room_1",1,"XHIBIT",01-APR-09 15:26:06,"XHIBIT",01-APR-09 15:26:06,1
2,"court_room_2",1,"XHIBIT",01-APR-09 15:26:06,"XHIBIT",01-APR-09 15:26:06,1
3,"court_room_3",1,"XHIBIT",01-APR-09 15:26:06,"XHIBIT",01-APR-09 15:26:06,1
4,"court_room_4",1,"XHIBIT",01-APR-09 15:26:06,"XHIBIT",01-APR-09 15:26:06,1
5,"court_room_5",1,"XHIBIT",01-APR-09 15:26:06,"XHIBIT",01-APR-09 15:26:06,1
6,"court_room_6",1,"XHIBIT",01-APR-09 15:26:06,"XHIBIT",01-APR-09 15:26:06,1
7,"court_room_7",1,"XHIBIT",01-APR-09 15:26:06,"XHIBIT",01-APR-09 15:26:06,1
8,"court_room_8",1,"XHIBIT",01-APR-09 15:26:06,"XHIBIT",01-APR-09 15:26:06,1
9,"court_room_9",1,"XHIBIT",01-APR-09 15:26:06,"XHIBIT",01-APR-09 15:26:06,1
10,"court_room_10",1,"XHIBIT",01-APR-09 15:26:06,"XHIBIT",01-APR-09 15:26:06,1
11,"court_room_11",1,"XHIBIT",01-APR-09 15:26:06,"XHIBIT",01-APR-09 15:26:06,1
12,"court_room_12",1,"XHIBIT",01-APR-09 15:26:06,"XHIBIT",01-APR-09 15:26:06,1
13,"court_room_13",1,"XHIBIT",01-APR-09 15:26:06,"XHIBIT",01-APR-09 15:26:06,1
14,"court_room_14",1,"XHIBIT",01-APR-09 15:26:06,"XHIBIT",01-APR-09 15:26:06,1
15,"court_room_15",1,"XHIBIT",01-APR-09 15:26:06,"XHIBIT",01-APR-09 15:26:06,1
16,"court_room_16",1,"XHIBIT",01-APR-09 15:26:06,"XHIBIT",01-APR-09 15:26:06,1
17,"court_room_17",1,"XHIBIT",01-APR-09 15:26:06,"XHIBIT",01-APR-09 15:26:06,1
18,"court_room_18",1,"XHIBIT",01-APR-09 15:26:06,"XHIBIT",01-APR-09 15:26:06,1
19,"court_room_19",1,"XHIBIT",01-APR-09 15:26:06,"XHIBIT",01-APR-09 15:26:06,1
20,"court_room_20",1,"XHIBIT",01-APR-09 15:26:06,"XHIBIT",01-APR-09 15:26:06,1
21,"e_v",1,"XHIBIT",01-APR-09 15:26:06,"XHIBIT",01-APR-09 15:26:06,1
22,"reception",1,"XHIBIT",01-APR-09 15:26:06,"XHIBIT",01-APR-09 15:26:06,1
23,"public_restaurant",1,"XHIBIT",01-APR-09 15:26:06,"XHIBIT",01-APR-09 15:26:06,1
24,"jury_lounge",1,"XHIBIT",01-APR-09 15:26:06,"XHIBIT",01-APR-09 15:26:06,1
25,"witness_service",1,"XHIBIT",01-APR-09 15:26:06,"XHIBIT",01-APR-09 15:26:06,1
26,"police_1st_floor",1,"XHIBIT",01-APR-09 15:26:06,"XHIBIT",01-APR-09 15:26:06,1
27,"ps_s_o_1st_floor",1,"XHIBIT",01-APR-09 15:26:06,"XHIBIT",01-APR-09 15:26:06,1
28,"n_w_c_w_a",1,"XHIBIT",01-APR-09 15:26:06,"XHIBIT",01-APR-09 15:26:06,1
29,"b_a_s_r",1,"XHIBIT",01-APR-09 15:26:06,"XHIBIT",01-APR-09 15:26:06,1
30,"j_l_a_b",1,"XHIBIT",01-APR-09 15:26:06,"XHIBIT",01-APR-09 15:26:06,1
31,"v_i_p",1,"XHIBIT",01-APR-09 15:26:06,"XHIBIT",01-APR-09 15:26:06,1
32,"court_room_1",2,"XHIBIT",01-APR-09 15:26:06,"XHIBIT",01-APR-09 15:26:06,1
317,"court_1",146,"XHIBIT",01-APR-09 15:26:06,"XHIBIT",01-APR-09 15:26:06,1
318,"jury_assembly",146,"XHIBIT",01-APR-09 15:26:06,"XHIBIT",01-APR-09 15:26:06,1
319,"v_i_p",146,"XHIBIT",01-APR-09 15:26:06,"XHIBIT",01-APR-09 15:26:06,1
389,"public_waiting",218,"XHIBIT",01-APR-09 15:26:06,"XHIBIT",01-APR-09 15:26:06,1
390,"court_2_witness_waiting",218,"XHIBIT",01-APR-09 15:26:06,"XHIBIT",01-APR-09 15:26:06,1
391,"barristers_robing",218,"XHIBIT",01-APR-09 15:26:06,"XHIBIT",01-APR-09 15:26:06,1
392,"court_1",218,"XHIBIT",01-APR-09 15:26:06,"XHIBIT",01-APR-09 15:26:06,1
393,"court_2",218,"XHIBIT",01-APR-09 15:26:06,"XHIBIT",01-APR-09 15:26:06,1
394,"jurors_waiting_room",218,"XHIBIT",01-APR-09 15:26:06,"XHIBIT",01-APR-09 15:26:06,1
395,"v_i_p",218,"XHIBIT",01-APR-09 15:26:06,"XHIBIT",01-APR-09 15:26:06,1
377,"main_entrance",197,"XHIBIT",01-APR-09 15:26:06,"XHIBIT",01-APR-09 15:26:06,1
378,"public_dining",197,"XHIBIT",01-APR-09 15:26:06,"XHIBIT",01-APR-09 15:26:06,1
379,"public_waiting",197,"XHIBIT",01-APR-09 15:26:06,"XHIBIT",01-APR-09 15:26:06,1
380,"court_1",197,"XHIBIT",01-APR-09 15:26:06,"XHIBIT",01-APR-09 15:26:06,1
381,"court_2",197,"XHIBIT",01-APR-09 15:26:06,"XHIBIT",01-APR-09 15:26:06,1
382,"court_3",197,"XHIBIT",01-APR-09 15:26:06,"XHIBIT",01-APR-09 15:26:06,1
383,"court_4",197,"XHIBIT",01-APR-09 15:26:06,"XHIBIT",01-APR-09 15:26:06,1
384,"court_5",197,"XHIBIT",01-APR-09 15:26:06,"XHIBIT",01-APR-09 15:26:06,1
385,"jury_dining",197,"XHIBIT",01-APR-09 15:26:06,"XHIBIT",01-APR-09 15:26:06,1
386,"advocates_dining",197,"XHIBIT",01-APR-09 15:26:06,"XHIBIT",01-APR-09 15:26:06,1
387,"v_i_p",197,"XHIBIT",01-APR-09 15:26:06,"XHIBIT",01-APR-09 15:26:06,1
388,"v_i_p",198,"XHIBIT",01-APR-09 15:26:06,"XHIBIT",01-APR-09 15:26:06,1
396,"public_waiting",219,"XHIBIT",01-APR-09 15:26:06,"XHIBIT",01-APR-09 15:26:06,1
397,"public_waiting",219,"XHIBIT",01-APR-09 15:26:06,"XHIBIT",01-APR-09 15:26:06,1
398,"court_1",219,"XHIBIT",01-APR-09 15:26:06,"XHIBIT",01-APR-09 15:26:06,1
399,"court_2",219,"XHIBIT",01-APR-09 15:26:06,"XHIBIT",01-APR-09 15:26:06,1
400,"court_3",219,"XHIBIT",01-APR-09 15:26:06,"XHIBIT",01-APR-09 15:26:06,1
401,"court_4",219,"XHIBIT",01-APR-09 15:26:06,"XHIBIT",01-APR-09 15:26:06,1
402,"court_5",219,"XHIBIT",01-APR-09 15:26:06,"XHIBIT",01-APR-09 15:26:06,1
403,"court_6",219,"XHIBIT",01-APR-09 15:26:06,"XHIBIT",01-APR-09 15:26:06,1
404,"court_7",219,"XHIBIT",01-APR-09 15:26:06,"XHIBIT",01-APR-09 15:26:06,1
405,"court_8",219,"XHIBIT",01-APR-09 15:26:06,"XHIBIT",01-APR-09 15:26:06,1
406,"jury_waiting",219,"XHIBIT",01-APR-09 15:26:06,"XHIBIT",01-APR-09 15:26:06,1
407,"barristers_lounge",219,"XHIBIT",01-APR-09 15:26:06,"XHIBIT",01-APR-09 15:26:06,1
408,"witness_waiting",219,"XHIBIT",01-APR-09 15:26:06,"XHIBIT",01-APR-09 15:26:06,1
409,"v_i_p",219,"XHIBIT",01-APR-09 15:26:06,"XHIBIT",01-APR-09 15:26:06,1
937,"reception",571,"XHIBIT",01-APR-09 15:26:06,"XHIBIT",01-APR-09 15:26:06,1
938,"public_dining",571,"XHIBIT",01-APR-09 15:26:06,"XHIBIT",01-APR-09 15:26:06,1
939,"waiting_area_first_flr",571,"XHIBIT",01-APR-09 15:26:06,"XHIBIT",01-APR-09 15:26:06,1
940,"court_1",571,"XHIBIT",01-APR-09 15:26:06,"XHIBIT",01-APR-09 15:26:06,1
941,"court_2",571,"XHIBIT",01-APR-09 15:26:06,"XHIBIT",01-APR-09 15:26:06,1
942,"court_3",571,"XHIBIT",01-APR-09 15:26:06,"XHIBIT",01-APR-09 15:26:06,1
943,"court_4",571,"XHIBIT",01-APR-09 15:26:06,"XHIBIT",01-APR-09 15:26:06,1
944,"court_5",571,"XHIBIT",01-APR-09 15:26:06,"XHIBIT",01-APR-09 15:26:06,1
945,"jury_waiting",571,"XHIBIT",01-APR-09 15:26:06,"XHIBIT",01-APR-09 15:26:06,1
946,"prosecution_witness",571,"XHIBIT",01-APR-09 15:26:06,"XHIBIT",01-APR-09 15:26:06,1
947,"barristers_robing",571,"XHIBIT",01-APR-09 15:26:06,"XHIBIT",01-APR-09 15:26:06,1
948,"v_i_p",571,"XHIBIT",01-APR-09 15:26:06,"XHIBIT",01-APR-09 15:26:06,1
949,"public_waiting_area",572,"XHIBIT",01-APR-09 15:26:06,"XHIBIT",01-APR-09 15:26:06,1
950,"public_dining",572,"XHIBIT",01-APR-09 15:26:06,"XHIBIT",01-APR-09 15:26:06,1
951,"court_1",572,"XHIBIT",01-APR-09 15:26:06,"XHIBIT",01-APR-09 15:26:06,1
952,"court_2",572,"XHIBIT",01-APR-09 15:26:06,"XHIBIT",01-APR-09 15:26:06,1
953,"court_4",572,"XHIBIT",01-APR-09 15:26:06,"XHIBIT",01-APR-09 15:26:06,1
954,"court_3",572,"XHIBIT",01-APR-09 15:26:06,"XHIBIT",01-APR-09 15:26:06,1
955,"jury_assembly",572,"XHIBIT",01-APR-09 15:26:06,"XHIBIT",01-APR-09 15:26:06,1
956,"advocates_lounge",572,"XHIBIT",01-APR-09 15:26:06,"XHIBIT",01-APR-09 15:26:06,1
957,"defence_witness_waiting",572,"XHIBIT",01-APR-09 15:26:06,"XHIBIT",01-APR-09 15:26:06,1
958,"prosecution_witness_wtng",572,"XHIBIT",01-APR-09 15:26:06,"XHIBIT",01-APR-09 15:26:06,1
959,"v_i_p",572,"XHIBIT",01-APR-09 15:26:06,"XHIBIT",01-APR-09 15:26:06,1
960,"reception_1",573,"XHIBIT",01-APR-09 15:26:06,"XHIBIT",01-APR-09 15:26:06,1
961,"reception_2",573,"XHIBIT",01-APR-09 15:26:06,"XHIBIT",01-APR-09 15:26:06,1
962,"child_waiting_1",573,"XHIBIT",01-APR-09 15:26:06,"XHIBIT",01-APR-09 15:26:06,1
963,"child_waiting_2",573,"XHIBIT",01-APR-09 15:26:06,"XHIBIT",01-APR-09 15:26:06,1
964,"court_3",573,"XHIBIT",01-APR-09 15:26:06,"XHIBIT",01-APR-09 15:26:06,1
965,"court_4",573,"XHIBIT",01-APR-09 15:26:06,"XHIBIT",01-APR-09 15:26:06,1
966,"court_2",573,"XHIBIT",01-APR-09 15:26:06,"XHIBIT",01-APR-09 15:26:06,1
967,"court_1",573,"XHIBIT",01-APR-09 15:26:06,"XHIBIT",01-APR-09 15:26:06,1
968,"jury_assembly",573,"XHIBIT",01-APR-09 15:26:06,"XHIBIT",01-APR-09 15:26:06,1
969,"barristers_room",573,"XHIBIT",01-APR-09 15:26:06,"XHIBIT",01-APR-09 15:26:06,1
970,"witness_waiting",573,"XHIBIT",01-APR-09 15:26:06,"XHIBIT",01-APR-09 15:26:06,1
971,"witness_waiting_pros",573,"XHIBIT",01-APR-09 15:26:06,"XHIBIT",01-APR-09 15:26:06,1
972,"v_i_p",573,"XHIBIT",01-APR-09 15:26:06,"XHIBIT",01-APR-09 15:26:06,1
480,"public_canteen",275,"XHIBIT",01-APR-09 15:26:06,"XHIBIT",01-APR-09 15:26:06,1
481,"public_waiting_area",275,"XHIBIT",01-APR-09 15:26:06,"XHIBIT",01-APR-09 15:26:06,1
482,"public_waiting_area",275,"XHIBIT",01-APR-09 15:26:06,"XHIBIT",01-APR-09 15:26:06,1
483,"public_waiting_area",275,"XHIBIT",01-APR-09 15:26:06,"XHIBIT",01-APR-09 15:26:06,1
484,"court_25",275,"XHIBIT",01-APR-09 15:26:06,"XHIBIT",01-APR-09 15:26:06,1
485,"court_26",275,"XHIBIT",01-APR-09 15:26:06,"XHIBIT",01-APR-09 15:26:06,1
486,"court_31",275,"XHIBIT",01-APR-09 15:26:06,"XHIBIT",01-APR-09 15:26:06,1
487,"court_32",275,"XHIBIT",01-APR-09 15:26:06,"XHIBIT",01-APR-09 15:26:06,1
488,"court_33",275,"XHIBIT",01-APR-09 15:26:06,"XHIBIT",01-APR-09 15:26:06,1
489,"court_34",275,"XHIBIT",01-APR-09 15:26:06,"XHIBIT",01-APR-09 15:26:06,1
490,"court_35",275,"XHIBIT",01-APR-09 15:26:06,"XHIBIT",01-APR-09 15:26:06,1
491,"court_36",275,"XHIBIT",01-APR-09 15:26:06,"XHIBIT",01-APR-09 15:26:06,1
983,"defence_witness",584,"XHIBIT",01-APR-09 15:26:06,"XHIBIT",01-APR-09 15:26:06,1
984,"court_1",584,"XHIBIT",01-APR-09 15:26:06,"XHIBIT",01-APR-09 15:26:06,1
985,"court_2",584,"XHIBIT",01-APR-09 15:26:06,"XHIBIT",01-APR-09 15:26:06,1
986,"jury_waiting_2",584,"XHIBIT",01-APR-09 15:26:06,"XHIBIT",01-APR-09 15:26:06,1
987,"jury_waiting_1",584,"XHIBIT",01-APR-09 15:26:06,"XHIBIT",01-APR-09 15:26:06,1
988,"v_i_p",584,"XHIBIT",01-APR-09 15:26:06,"XHIBIT",01-APR-09 15:26:06,1
1119,"main_reception",781,"XHIBIT",01-APR-09 15:26:06,"XHIBIT",01-APR-09 15:26:06,1
1120,"witness_waiting",781,"XHIBIT",01-APR-09 15:26:06,"XHIBIT",01-APR-09 15:26:06,1
1121,"public_dining",781,"XHIBIT",01-APR-09 15:26:06,"XHIBIT",01-APR-09 15:26:06,1
1122,"court_1",781,"XHIBIT",01-APR-09 15:26:06,"XHIBIT",01-APR-09 15:26:06,1
1123,"court_2",781,"XHIBIT",01-APR-09 15:26:06,"XHIBIT",01-APR-09 15:26:06,1
1124,"court_3",781,"XHIBIT",01-APR-09 15:26:06,"XHIBIT",01-APR-09 15:26:06,1
1125,"court_4",781,"XHIBIT",01-APR-09 15:26:06,"XHIBIT",01-APR-09 15:26:06,1
1126,"court_5",781,"XHIBIT",01-APR-09 15:26:06,"XHIBIT",01-APR-09 15:26:06,1
1127,"jury_waiting_1",781,"XHIBIT",01-APR-09 15:26:06,"XHIBIT",01-APR-09 15:26:06,1
1128,"jury_waiting_2",781,"XHIBIT",01-APR-09 15:26:06,"XHIBIT",01-APR-09 15:26:06,1
1129,"barristers_robing",781,"XHIBIT",01-APR-09 15:26:06,"XHIBIT",01-APR-09 15:26:06,1
1130,"v_i_p",781,"XHIBIT",01-APR-09 15:26:06,"XHIBIT",01-APR-09 15:26:06,1
908,"reception_ground",517,"XHIBIT",01-APR-09 15:26:06,"XHIBIT",01-APR-09 15:26:06,1
909,"public_dining",517,"XHIBIT",01-APR-09 15:26:06,"XHIBIT",01-APR-09 15:26:06,1
910,"witness_waiting_pro",517,"XHIBIT",01-APR-09 15:26:06,"XHIBIT",01-APR-09 15:26:06,1
911,"witness_waiting_def",517,"XHIBIT",01-APR-09 15:26:06,"XHIBIT",01-APR-09 15:26:06,1
912,"court_1",517,"XHIBIT",01-APR-09 15:26:06,"XHIBIT",01-APR-09 15:26:06,1
913,"court_2",517,"XHIBIT",01-APR-09 15:26:06,"XHIBIT",01-APR-09 15:26:06,1
914,"court_3",517,"XHIBIT",01-APR-09 15:26:06,"XHIBIT",01-APR-09 15:26:06,1
915,"court_4",517,"XHIBIT",01-APR-09 15:26:06,"XHIBIT",01-APR-09 15:26:06,1
916,"court_5",517,"XHIBIT",01-APR-09 15:26:06,"XHIBIT",01-APR-09 15:26:06,1
917,"court_6",517,"XHIBIT",01-APR-09 15:26:06,"XHIBIT",01-APR-09 15:26:06,1
918,"court_7",517,"XHIBIT",01-APR-09 15:26:06,"XHIBIT",01-APR-09 15:26:06,1
919,"court_8",517,"XHIBIT",01-APR-09 15:26:06,"XHIBIT",01-APR-09 15:26:06,1
920,"court_9",517,"XHIBIT",01-APR-09 15:26:06,"XHIBIT",01-APR-09 15:26:06,1
921,"court_10",517,"XHIBIT",01-APR-09 15:26:06,"XHIBIT",01-APR-09 15:26:06,1
922,"jury_waiting_1",517,"XHIBIT",01-APR-09 15:26:06,"XHIBIT",01-APR-09 15:26:06,1
923,"jury_waiting_2",517,"XHIBIT",01-APR-09 15:26:06,"XHIBIT",01-APR-09 15:26:06,1
924,"barristers_robing",517,"XHIBIT",01-APR-09 15:26:06,"XHIBIT",01-APR-09 15:26:06,1
925,"v_i_p",517,"XHIBIT",01-APR-09 15:26:06,"XHIBIT",01-APR-09 15:26:06,1
926,"reception",518,"XHIBIT",01-APR-09 15:26:06,"XHIBIT",01-APR-09 15:26:06,1
927,"v_i_p",518,"XHIBIT",01-APR-09 15:26:06,"XHIBIT",01-APR-09 15:26:06,1
242,"public_dining",103,"XHIBIT",01-APR-09 15:26:06,"XHIBIT",01-APR-09 15:26:06,1
243,"advocates_lounge",103,"XHIBIT",01-APR-09 15:26:06,"XHIBIT",01-APR-09 15:26:06,1
244,"court_1",103,"XHIBIT",01-APR-09 15:26:06,"XHIBIT",01-APR-09 15:26:06,1
245,"court_2",103,"XHIBIT",01-APR-09 15:26:06,"XHIBIT",01-APR-09 15:26:06,1
246,"court_3",103,"XHIBIT",01-APR-09 15:26:06,"XHIBIT",01-APR-09 15:26:06,1
247,"jury_assembly_area",103,"XHIBIT",01-APR-09 15:26:06,"XHIBIT",01-APR-09 15:26:06,1
248,"main_entrance",103,"XHIBIT",01-APR-09 15:26:06,"XHIBIT",01-APR-09 15:26:06,1
249,"v_i_p",103,"XHIBIT",01-APR-09 15:26:06,"XHIBIT",01-APR-09 15:26:06,1
433,"main_entrance",249,"XHIBIT",01-APR-09 15:26:06,"XHIBIT",01-APR-09 15:26:06,1
434,"public_canteen",249,"XHIBIT",01-APR-09 15:26:06,"XHIBIT",01-APR-09 15:26:06,1
435,"public_waiting",249,"XHIBIT",01-APR-09 15:26:06,"XHIBIT",01-APR-09 15:26:06,1
436,"court_2",249,"XHIBIT",01-APR-09 15:26:06,"XHIBIT",01-APR-09 15:26:06,1
437,"court_1",249,"XHIBIT",01-APR-09 15:26:06,"XHIBIT",01-APR-09 15:26:06,1
438,"court_4",249,"XHIBIT",01-APR-09 15:26:06,"XHIBIT",01-APR-09 15:26:06,1
439,"court_5",249,"XHIBIT",01-APR-09 15:26:06,"XHIBIT",01-APR-09 15:26:06,1
440,"jury_waiting",249,"XHIBIT",01-APR-09 15:26:06,"XHIBIT",01-APR-09 15:26:06,1
441,"barristers_lounge",249,"XHIBIT",01-APR-09 15:26:06,"XHIBIT",01-APR-09 15:26:06,1
442,"witness_waiting",249,"XHIBIT",01-APR-09 15:26:06,"XHIBIT",01-APR-09 15:26:06,1
443,"v_i_p",249,"XHIBIT",01-APR-09 15:26:06,"XHIBIT",01-APR-09 15:26:06,1
444,"main_entrance",250,"XHIBIT",01-APR-09 15:26:06,"XHIBIT",01-APR-09 15:26:06,1
445,"public_dining",250,"XHIBIT",01-APR-09 15:26:06,"XHIBIT",01-APR-09 15:26:06,1
446,"court_1",250,"XHIBIT",01-APR-09 15:26:06,"XHIBIT",01-APR-09 15:26:06,1
447,"court_2",250,"XHIBIT",01-APR-09 15:26:06,"XHIBIT",01-APR-09 15:26:06,1
448,"court_3",250,"XHIBIT",01-APR-09 15:26:06,"XHIBIT",01-APR-09 15:26:06,1
449,"court_4",250,"XHIBIT",01-APR-09 15:26:06,"XHIBIT",01-APR-09 15:26:06,1
450,"jury_waiting",250,"XHIBIT",01-APR-09 15:26:06,"XHIBIT",01-APR-09 15:26:06,1
451,"barristers_lounge",250,"XHIBIT",01-APR-09 15:26:06,"XHIBIT",01-APR-09 15:26:06,1
452,"witness_waiting",250,"XHIBIT",01-APR-09 15:26:06,"XHIBIT",01-APR-09 15:26:06,1
453,"v_i_p",250,"XHIBIT",01-APR-09 15:26:06,"XHIBIT",01-APR-09 15:26:06,1
532,"public_waiting_area",319,"XHIBIT",01-APR-09 15:26:06,"XHIBIT",01-APR-09 15:26:06,1
533,"witness_waiting",319,"XHIBIT",01-APR-09 15:26:06,"XHIBIT",01-APR-09 15:26:06,1
534,"public_dining",319,"XHIBIT",01-APR-09 15:26:06,"XHIBIT",01-APR-09 15:26:06,1
535,"court_1",319,"XHIBIT",01-APR-09 15:26:06,"XHIBIT",01-APR-09 15:26:06,1
536,"court_2",319,"XHIBIT",01-APR-09 15:26:06,"XHIBIT",01-APR-09 15:26:06,1
537,"court_3",319,"XHIBIT",01-APR-09 15:26:06,"XHIBIT",01-APR-09 15:26:06,1
538,"jury_dining",319,"XHIBIT",01-APR-09 15:26:06,"XHIBIT",01-APR-09 15:26:06,1
539,"barristers_room",319,"XHIBIT",01-APR-09 15:26:06,"XHIBIT",01-APR-09 15:26:06,1
540,"v_i_p",319,"XHIBIT",01-APR-09 15:26:06,"XHIBIT",01-APR-09 15:26:06,1
250,"reception",104,"XHIBIT",01-APR-09 15:26:06,"XHIBIT",01-APR-09 15:26:06,1
251,"public_dining_area",104,"XHIBIT",01-APR-09 15:26:06,"XHIBIT",01-APR-09 15:26:06,1
252,"witness_protection",104,"XHIBIT",01-APR-09 15:26:06,"XHIBIT",01-APR-09 15:26:06,1
253,"barristers_loungerobing",104,"XHIBIT",01-APR-09 15:26:06,"XHIBIT",01-APR-09 15:26:06,1
254,"court_1",104,"XHIBIT",01-APR-09 15:26:06,"XHIBIT",01-APR-09 15:26:06,1
255,"court_2",104,"XHIBIT",01-APR-09 15:26:06,"XHIBIT",01-APR-09 15:26:06,1
256,"jury_waiting",104,"XHIBIT",01-APR-09 15:26:06,"XHIBIT",01-APR-09 15:26:06,1
257,"v_i_p",104,"XHIBIT",01-APR-09 15:26:06,"XHIBIT",01-APR-09 15:26:06,1
1041,"reception",686,"XHIBIT",01-APR-09 15:26:06,"XHIBIT",01-APR-09 15:26:06,1
1042,"jury_dining",686,"XHIBIT",01-APR-09 15:26:06,"XHIBIT",01-APR-09 15:26:06,1
1043,"witness_waiting",686,"XHIBIT",01-APR-09 15:26:06,"XHIBIT",01-APR-09 15:26:06,1
1044,"court_1",686,"XHIBIT",01-APR-09 15:26:06,"XHIBIT",01-APR-09 15:26:06,1
1045,"court_2",686,"XHIBIT",01-APR-09 15:26:06,"XHIBIT",01-APR-09 15:26:06,1
1046,"court_3",686,"XHIBIT",01-APR-09 15:26:06,"XHIBIT",01-APR-09 15:26:06,1
1047,"barristers_robing",686,"XHIBIT",01-APR-09 15:26:06,"XHIBIT",01-APR-09 15:26:06,1
1048,"v_i_p",686,"XHIBIT",01-APR-09 15:26:06,"XHIBIT",01-APR-09 15:26:06,1
467,"entrance_hall",261,"XHIBIT",01-APR-09 15:26:06,"XHIBIT",01-APR-09 15:26:06,1
468,"entrance_hall_canteen",261,"XHIBIT",01-APR-09 15:26:06,"XHIBIT",01-APR-09 15:26:06,1
469,"court_4",261,"XHIBIT",01-APR-09 15:26:06,"XHIBIT",01-APR-09 15:26:06,1
470,"court_1",261,"XHIBIT",01-APR-09 15:26:06,"XHIBIT",01-APR-09 15:26:06,1
471,"court_2",261,"XHIBIT",01-APR-09 15:26:06,"XHIBIT",01-APR-09 15:26:06,1
472,"court_3",261,"XHIBIT",01-APR-09 15:26:06,"XHIBIT",01-APR-09 15:26:06,1
473,"jury_waiting",261,"XHIBIT",01-APR-09 15:26:06,"XHIBIT",01-APR-09 15:26:06,1
474,"barristers_lounge",261,"XHIBIT",01-APR-09 15:26:06,"XHIBIT",01-APR-09 15:26:06,1
475,"v_i_p",261,"XHIBIT",01-APR-09 15:26:06,"XHIBIT",01-APR-09 15:26:06,1
476,"main_reception",262,"XHIBIT",01-APR-09 15:26:06,"XHIBIT",01-APR-09 15:26:06,1
477,"grand_jury_room",262,"XHIBIT",01-APR-09 15:26:06,"XHIBIT",01-APR-09 15:26:06,1
478,"advocates_room",262,"XHIBIT",01-APR-09 15:26:06,"XHIBIT",01-APR-09 15:26:06,1
479,"v_i_p",262,"XHIBIT",01-APR-09 15:26:06,"XHIBIT",01-APR-09 15:26:06,1
989,"main_entrance",594,"XHIBIT",01-APR-09 15:26:06,"XHIBIT",01-APR-09 15:26:06,1
990,"first_flr_waiting_area",594,"XHIBIT",01-APR-09 15:26:06,"XHIBIT",01-APR-09 15:26:06,1
991,"public_dining",594,"XHIBIT",01-APR-09 15:26:06,"XHIBIT",01-APR-09 15:26:06,1
992,"soli_barr_dining",594,"XHIBIT",01-APR-09 15:26:06,"XHIBIT",01-APR-09 15:26:06,1
993,"jury_dining",594,"XHIBIT",01-APR-09 15:26:06,"XHIBIT",01-APR-09 15:26:06,1
994,"court_1",594,"XHIBIT",01-APR-09 15:26:06,"XHIBIT",01-APR-09 15:26:06,1
995,"court_2",594,"XHIBIT",01-APR-09 15:26:06,"XHIBIT",01-APR-09 15:26:06,1
996,"court_3",594,"XHIBIT",01-APR-09 15:26:06,"XHIBIT",01-APR-09 15:26:06,1
997,"court_4",594,"XHIBIT",01-APR-09 15:26:06,"XHIBIT",01-APR-09 15:26:06,1
998,"solicitors_room",594,"XHIBIT",01-APR-09 15:26:06,"XHIBIT",01-APR-09 15:26:06,1
999,"barristers_lounge",594,"XHIBIT",01-APR-09 15:26:06,"XHIBIT",01-APR-09 15:26:06,1
1000,"v_i_p",594,"XHIBIT",01-APR-09 15:26:06,"XHIBIT",01-APR-09 15:26:06,1
258,"v_i_p",88,"XHIBIT",01-APR-09 15:26:06,"XHIBIT",01-APR-09 15:26:06,1
671,"advocates_robing",394,"XHIBIT",01-APR-09 15:26:06,"XHIBIT",01-APR-09 15:26:06,1
492,"court_41",275,"XHIBIT",01-APR-09 15:26:06,"XHIBIT",01-APR-09 15:26:06,1
493,"court_42",275,"XHIBIT",01-APR-09 15:26:06,"XHIBIT",01-APR-09 15:26:06,1
494,"court_43",275,"XHIBIT",01-APR-09 15:26:06,"XHIBIT",01-APR-09 15:26:06,1
495,"court_44",275,"XHIBIT",01-APR-09 15:26:06,"XHIBIT",01-APR-09 15:26:06,1
496,"court_45",275,"XHIBIT",01-APR-09 15:26:06,"XHIBIT",01-APR-09 15:26:06,1
497,"court_46",275,"XHIBIT",01-APR-09 15:26:06,"XHIBIT",01-APR-09 15:26:06,1
498,"court_51",275,"XHIBIT",01-APR-09 15:26:06,"XHIBIT",01-APR-09 15:26:06,1
499,"court_52",275,"XHIBIT",01-APR-09 15:26:06,"XHIBIT",01-APR-09 15:26:06,1
500,"court_53",275,"XHIBIT",01-APR-09 15:26:06,"XHIBIT",01-APR-09 15:26:06,1
501,"court_54",275,"XHIBIT",01-APR-09 15:26:06,"XHIBIT",01-APR-09 15:26:06,1
502,"court_55",275,"XHIBIT",01-APR-09 15:26:06,"XHIBIT",01-APR-09 15:26:06,1
503,"court_56",275,"XHIBIT",01-APR-09 15:26:06,"XHIBIT",01-APR-09 15:26:06,1
504,"court_61",275,"XHIBIT",01-APR-09 15:26:06,"XHIBIT",01-APR-09 15:26:06,1
505,"court_62",275,"XHIBIT",01-APR-09 15:26:06,"XHIBIT",01-APR-09 15:26:06,1
506,"jury_reception",275,"XHIBIT",01-APR-09 15:26:06,"XHIBIT",01-APR-09 15:26:06,1
507,"reception",275,"XHIBIT",01-APR-09 15:26:06,"XHIBIT",01-APR-09 15:26:06,1
508,"witness_support",275,"XHIBIT",01-APR-09 15:26:06,"XHIBIT",01-APR-09 15:26:06,1
509,"barristers_robing",275,"XHIBIT",01-APR-09 15:26:06,"XHIBIT",01-APR-09 15:26:06,1
510,"v_i_p",275,"XHIBIT",01-APR-09 15:26:06,"XHIBIT",01-APR-09 15:26:06,1
410,"reception",227,"XHIBIT",01-APR-09 15:26:06,"XHIBIT",01-APR-09 15:26:06,1
411,"vunerable_witness",227,"XHIBIT",01-APR-09 15:26:06,"XHIBIT",01-APR-09 15:26:06,1
412,"first_flr_waiting_area",227,"XHIBIT",01-APR-09 15:26:06,"XHIBIT",01-APR-09 15:26:06,1
413,"canteen",227,"XHIBIT",01-APR-09 15:26:06,"XHIBIT",01-APR-09 15:26:06,1
414,"third_flr_waiting_area",227,"XHIBIT",01-APR-09 15:26:06,"XHIBIT",01-APR-09 15:26:06,1
415,"court_1",227,"XHIBIT",01-APR-09 15:26:06,"XHIBIT",01-APR-09 15:26:06,1
416,"court_2",227,"XHIBIT",01-APR-09 15:26:06,"XHIBIT",01-APR-09 15:26:06,1
417,"court_3",227,"XHIBIT",01-APR-09 15:26:06,"XHIBIT",01-APR-09 15:26:06,1
418,"court_4",227,"XHIBIT",01-APR-09 15:26:06,"XHIBIT",01-APR-09 15:26:06,1
419,"court_5",227,"XHIBIT",01-APR-09 15:26:06,"XHIBIT",01-APR-09 15:26:06,1
420,"court_6",227,"XHIBIT",01-APR-09 15:26:06,"XHIBIT",01-APR-09 15:26:06,1
421,"court_7",227,"XHIBIT",01-APR-09 15:26:06,"XHIBIT",01-APR-09 15:26:06,1
422,"court_8",227,"XHIBIT",01-APR-09 15:26:06,"XHIBIT",01-APR-09 15:26:06,1
423,"court_9",227,"XHIBIT",01-APR-09 15:26:06,"XHIBIT",01-APR-09 15:26:06,1
424,"court_10",227,"XHIBIT",01-APR-09 15:26:06,"XHIBIT",01-APR-09 15:26:06,1
425,"court_11",227,"XHIBIT",01-APR-09 15:26:06,"XHIBIT",01-APR-09 15:26:06,1
426,"court_12",227,"XHIBIT",01-APR-09 15:26:06,"XHIBIT",01-APR-09 15:26:06,1
427,"court_13",227,"XHIBIT",01-APR-09 15:26:06,"XHIBIT",01-APR-09 15:26:06,1
428,"court_14",227,"XHIBIT",01-APR-09 15:26:06,"XHIBIT",01-APR-09 15:26:06,1
429,"jury_assembley_suite",227,"XHIBIT",01-APR-09 15:26:06,"XHIBIT",01-APR-09 15:26:06,1
430,"barristers_dining",227,"XHIBIT",01-APR-09 15:26:06,"XHIBIT",01-APR-09 15:26:06,1
431,"solicitors_waiting",227,"XHIBIT",01-APR-09 15:26:06,"XHIBIT",01-APR-09 15:26:06,1
432,"v_i_p",227,"XHIBIT",01-APR-09 15:26:06,"XHIBIT",01-APR-09 15:26:06,1
454,"jury_waiting",251,"XHIBIT",01-APR-09 15:26:06,"XHIBIT",01-APR-09 15:26:06,1
455,"barristers",251,"XHIBIT",01-APR-09 15:26:06,"XHIBIT",01-APR-09 15:26:06,1
456,"court_1",251,"XHIBIT",01-APR-09 15:26:06,"XHIBIT",01-APR-09 15:26:06,1
457,"court_2",251,"XHIBIT",01-APR-09 15:26:06,"XHIBIT",01-APR-09 15:26:06,1
458,"v_i_p",251,"XHIBIT",01-APR-09 15:26:06,"XHIBIT",01-APR-09 15:26:06,1
583,"main_entrance",357,"XHIBIT",01-APR-09 15:26:06,"XHIBIT",01-APR-09 15:26:06,1
584,"cps_witness_waiting",357,"XHIBIT",01-APR-09 15:26:06,"XHIBIT",01-APR-09 15:26:06,1
585,"public_dining",357,"XHIBIT",01-APR-09 15:26:06,"XHIBIT",01-APR-09 15:26:06,1
586,"court_1",357,"XHIBIT",01-APR-09 15:26:06,"XHIBIT",01-APR-09 15:26:06,1
587,"court_2",357,"XHIBIT",01-APR-09 15:26:06,"XHIBIT",01-APR-09 15:26:06,1
588,"court_3",357,"XHIBIT",01-APR-09 15:26:06,"XHIBIT",01-APR-09 15:26:06,1
589,"court_4",357,"XHIBIT",01-APR-09 15:26:06,"XHIBIT",01-APR-09 15:26:06,1
590,"jury_dining",357,"XHIBIT",01-APR-09 15:26:06,"XHIBIT",01-APR-09 15:26:06,1
591,"v_i_p",357,"XHIBIT",01-APR-09 15:26:06,"XHIBIT",01-APR-09 15:26:06,1
907,"concourse_2",484,"XHIBIT",01-APR-09 15:26:06,"XHIBIT",01-APR-09 15:26:06,1
459,"main_entrance",260,"XHIBIT",01-APR-09 15:26:06,"XHIBIT",01-APR-09 15:26:06,1
460,"nisi_prius_area",260,"XHIBIT",01-APR-09 15:26:06,"XHIBIT",01-APR-09 15:26:06,1
461,"court_1",260,"XHIBIT",01-APR-09 15:26:06,"XHIBIT",01-APR-09 15:26:06,1
462,"court_2",260,"XHIBIT",01-APR-09 15:26:06,"XHIBIT",01-APR-09 15:26:06,1
463,"court_3",260,"XHIBIT",01-APR-09 15:26:06,"XHIBIT",01-APR-09 15:26:06,1
464,"jury_waiting",260,"XHIBIT",01-APR-09 15:26:06,"XHIBIT",01-APR-09 15:26:06,1
465,"barrister_lounge",260,"XHIBIT",01-APR-09 15:26:06,"XHIBIT",01-APR-09 15:26:06,1
466,"v_i_p",260,"XHIBIT",01-APR-09 15:26:06,"XHIBIT",01-APR-09 15:26:06,1
672,"reception",403,"XHIBIT",01-APR-09 15:26:06,"XHIBIT",01-APR-09 15:26:06,1
673,"witness_service",403,"XHIBIT",01-APR-09 15:26:06,"XHIBIT",01-APR-09 15:26:06,1
674,"advocates_dining",403,"XHIBIT",01-APR-09 15:26:06,"XHIBIT",01-APR-09 15:26:06,1
675,"public_dining",403,"XHIBIT",01-APR-09 15:26:06,"XHIBIT",01-APR-09 15:26:06,1
676,"court_1",403,"XHIBIT",01-APR-09 15:26:06,"XHIBIT",01-APR-09 15:26:06,1
677,"court_2",403,"XHIBIT",01-APR-09 15:26:06,"XHIBIT",01-APR-09 15:26:06,1
678,"court_3",403,"XHIBIT",01-APR-09 15:26:06,"XHIBIT",01-APR-09 15:26:06,1
679,"court_4",403,"XHIBIT",01-APR-09 15:26:06,"XHIBIT",01-APR-09 15:26:06,1
680,"court_5",403,"XHIBIT",01-APR-09 15:26:06,"XHIBIT",01-APR-09 15:26:06,1
681,"court_6",403,"XHIBIT",01-APR-09 15:26:06,"XHIBIT",01-APR-09 15:26:06,1
682,"court_7",403,"XHIBIT",01-APR-09 15:26:06,"XHIBIT",01-APR-09 15:26:06,1
683,"court_8",403,"XHIBIT",01-APR-09 15:26:06,"XHIBIT",01-APR-09 15:26:06,1
684,"court_9",403,"XHIBIT",01-APR-09 15:26:06,"XHIBIT",01-APR-09 15:26:06,1
685,"court_10",403,"XHIBIT",01-APR-09 15:26:06,"XHIBIT",01-APR-09 15:26:06,1
686,"court_11",403,"XHIBIT",01-APR-09 15:26:06,"XHIBIT",01-APR-09 15:26:06,1
687,"court_12",403,"XHIBIT",01-APR-09 15:26:06,"XHIBIT",01-APR-09 15:26:06,1
688,"jury_assembly",403,"XHIBIT",01-APR-09 15:26:06,"XHIBIT",01-APR-09 15:26:06,1
689,"jury_assembly",403,"XHIBIT",01-APR-09 15:26:06,"XHIBIT",01-APR-09 15:26:06,1
690,"advocates_robing",403,"XHIBIT",01-APR-09 15:26:06,"XHIBIT",01-APR-09 15:26:06,1
691,"v_i_p",403,"XHIBIT",01-APR-09 15:26:06,"XHIBIT",01-APR-09 15:26:06,1
1106,"reception",780,"XHIBIT",01-APR-09 15:26:06,"XHIBIT",01-APR-09 15:26:06,1
1107,"public_dining",780,"XHIBIT",01-APR-09 15:26:06,"XHIBIT",01-APR-09 15:26:06,1
1108,"prosecution_witness",780,"XHIBIT",01-APR-09 15:26:06,"XHIBIT",01-APR-09 15:26:06,1
1109,"defence_witness",780,"XHIBIT",01-APR-09 15:26:06,"XHIBIT",01-APR-09 15:26:06,1
1110,"court_1",780,"XHIBIT",01-APR-09 15:26:06,"XHIBIT",01-APR-09 15:26:06,1
1111,"court_2",780,"XHIBIT",01-APR-09 15:26:06,"XHIBIT",01-APR-09 15:26:06,1
1112,"court_4",780,"XHIBIT",01-APR-09 15:26:06,"XHIBIT",01-APR-09 15:26:06,1
1113,"court_3",780,"XHIBIT",01-APR-09 15:26:06,"XHIBIT",01-APR-09 15:26:06,1
1114,"court_5",780,"XHIBIT",01-APR-09 15:26:06,"XHIBIT",01-APR-09 15:26:06,1
1115,"court_6",780,"XHIBIT",01-APR-09 15:26:06,"XHIBIT",01-APR-09 15:26:06,1
1116,"jury_assembly",780,"XHIBIT",01-APR-09 15:26:06,"XHIBIT",01-APR-09 15:26:06,1
1117,"advocates",780,"XHIBIT",01-APR-09 15:26:06,"XHIBIT",01-APR-09 15:26:06,1
1118,"v_i_p",780,"XHIBIT",01-APR-09 15:26:06,"XHIBIT",01-APR-09 15:26:06,1
826,"public_dining",461,"XHIBIT",01-APR-09 15:26:06,"XHIBIT",01-APR-09 15:26:06,1
827,"jury_dining",461,"XHIBIT",01-APR-09 15:26:06,"XHIBIT",01-APR-09 15:26:06,1
828,"public_waiting",461,"XHIBIT",01-APR-09 15:26:06,"XHIBIT",01-APR-09 15:26:06,1
829,"court_1",461,"XHIBIT",01-APR-09 15:26:06,"XHIBIT",01-APR-09 15:26:06,1
830,"court_2",461,"XHIBIT",01-APR-09 15:26:06,"XHIBIT",01-APR-09 15:26:06,1
831,"court_3",461,"XHIBIT",01-APR-09 15:26:06,"XHIBIT",01-APR-09 15:26:06,1
832,"court_4",461,"XHIBIT",01-APR-09 15:26:06,"XHIBIT",01-APR-09 15:26:06,1
833,"barristers_lounge",461,"XHIBIT",01-APR-09 15:26:06,"XHIBIT",01-APR-09 15:26:06,1
834,"witness_waiting",461,"XHIBIT",01-APR-09 15:26:06,"XHIBIT",01-APR-09 15:26:06,1
835,"v_i_p",461,"XHIBIT",01-APR-09 15:26:06,"XHIBIT",01-APR-09 15:26:06,1
836,"v_i_p",462,"XHIBIT",01-APR-09 15:26:06,"XHIBIT",01-APR-09 15:26:06,1
837,"v_i_p",463,"XHIBIT",01-APR-09 15:26:06,"XHIBIT",01-APR-09 15:26:06,1
838,"criminal_court",464,"XHIBIT",01-APR-09 15:26:06,"XHIBIT",01-APR-09 15:26:06,1
839,"civil_court",464,"XHIBIT",01-APR-09 15:26:06,"XHIBIT",01-APR-09 15:26:06,1
840,"v_i_p",464,"XHIBIT",01-APR-09 15:26:06,"XHIBIT",01-APR-09 15:26:06,1
1039,"court_1",462,"XHIBIT",01-APR-09 15:26:06,"XHIBIT",01-APR-09 15:26:06,1
1040,"court_1",463,"XHIBIT",01-APR-09 15:26:06,"XHIBIT",01-APR-09 15:26:06,1
1078,"witness_service",724,"XHIBIT",01-APR-09 15:26:06,"XHIBIT",01-APR-09 15:26:06,1
1079,"public",724,"XHIBIT",01-APR-09 15:26:06,"XHIBIT",01-APR-09 15:26:06,1
1080,"public_canteen",724,"XHIBIT",01-APR-09 15:26:06,"XHIBIT",01-APR-09 15:26:06,1
1081,"courtroom_3",724,"XHIBIT",01-APR-09 15:26:06,"XHIBIT",01-APR-09 15:26:06,1
1082,"courtroom_4",724,"XHIBIT",01-APR-09 15:26:06,"XHIBIT",01-APR-09 15:26:06,1
1083,"courtroom_5",724,"XHIBIT",01-APR-09 15:26:06,"XHIBIT",01-APR-09 15:26:06,1
1084,"courtroom_6",724,"XHIBIT",01-APR-09 15:26:06,"XHIBIT",01-APR-09 15:26:06,1
1085,"jury_assembly",724,"XHIBIT",01-APR-09 15:26:06,"XHIBIT",01-APR-09 15:26:06,1
1086,"barristers",724,"XHIBIT",01-APR-09 15:26:06,"XHIBIT",01-APR-09 15:26:06,1
1087,"barristers_dining",724,"XHIBIT",01-APR-09 15:26:06,"XHIBIT",01-APR-09 15:26:06,1
1088,"v_i_p",724,"XHIBIT",01-APR-09 15:26:06,"XHIBIT",01-APR-09 15:26:06,1
982,"reception",584,"XHIBIT",01-APR-09 15:26:06,"XHIBIT",01-APR-09 15:26:06,1
929,"court_1",519,"XHIBIT",01-APR-09 15:26:06,"XHIBIT",01-APR-09 15:26:06,1
930,"court_2",519,"XHIBIT",01-APR-09 15:26:06,"XHIBIT",01-APR-09 15:26:06,1
931,"court_3",519,"XHIBIT",01-APR-09 15:26:06,"XHIBIT",01-APR-09 15:26:06,1
932,"court_4",519,"XHIBIT",01-APR-09 15:26:06,"XHIBIT",01-APR-09 15:26:06,1
933,"jury_assembly",519,"XHIBIT",01-APR-09 15:26:06,"XHIBIT",01-APR-09 15:26:06,1
934,"advocates_robing",519,"XHIBIT",01-APR-09 15:26:06,"XHIBIT",01-APR-09 15:26:06,1
935,"witness_support",519,"XHIBIT",01-APR-09 15:26:06,"XHIBIT",01-APR-09 15:26:06,1
936,"v_i_p",519,"XHIBIT",01-APR-09 15:26:06,"XHIBIT",01-APR-09 15:26:06,1
1010,"reception",615,"XHIBIT",01-APR-09 15:26:06,"XHIBIT",01-APR-09 15:26:06,1
1011,"v_i_p",615,"XHIBIT",01-APR-09 15:26:06,"XHIBIT",01-APR-09 15:26:06,1
799,"reception_1",459,"XHIBIT",01-APR-09 15:26:06,"XHIBIT",01-APR-09 15:26:06,1
800,"reception_2",459,"XHIBIT",01-APR-09 15:26:06,"XHIBIT",01-APR-09 15:26:06,1
801,"public_dining",459,"XHIBIT",01-APR-09 15:26:06,"XHIBIT",01-APR-09 15:26:06,1
802,"court_5",459,"XHIBIT",01-APR-09 15:26:06,"XHIBIT",01-APR-09 15:26:06,1
803,"court_7",459,"XHIBIT",01-APR-09 15:26:06,"XHIBIT",01-APR-09 15:26:06,1
804,"court_8",459,"XHIBIT",01-APR-09 15:26:06,"XHIBIT",01-APR-09 15:26:06,1
805,"court_9",459,"XHIBIT",01-APR-09 15:26:06,"XHIBIT",01-APR-09 15:26:06,1
806,"court_1",459,"XHIBIT",01-APR-09 15:26:06,"XHIBIT",01-APR-09 15:26:06,1
807,"court_2",459,"XHIBIT",01-APR-09 15:26:06,"XHIBIT",01-APR-09 15:26:06,1
808,"court_3",459,"XHIBIT",01-APR-09 15:26:06,"XHIBIT",01-APR-09 15:26:06,1
809,"court_4",459,"XHIBIT",01-APR-09 15:26:06,"XHIBIT",01-APR-09 15:26:06,1
810,"court_6",459,"XHIBIT",01-APR-09 15:26:06,"XHIBIT",01-APR-09 15:26:06,1
811,"new_jury_assembly_1",459,"XHIBIT",01-APR-09 15:26:06,"XHIBIT",01-APR-09 15:26:06,1
812,"old_jury_waiting",459,"XHIBIT",01-APR-09 15:26:06,"XHIBIT",01-APR-09 15:26:06,1
813,"new_jury_assembly_2",459,"XHIBIT",01-APR-09 15:26:06,"XHIBIT",01-APR-09 15:26:06,1
814,"witness_support",459,"XHIBIT",01-APR-09 15:26:06,"XHIBIT",01-APR-09 15:26:06,1
815,"barristers_robing",459,"XHIBIT",01-APR-09 15:26:06,"XHIBIT",01-APR-09 15:26:06,1
816,"v_i_p",459,"XHIBIT",01-APR-09 15:26:06,"XHIBIT",01-APR-09 15:26:06,1
817,"reception",460,"XHIBIT",01-APR-09 15:26:06,"XHIBIT",01-APR-09 15:26:06,1
818,"public_dining",460,"XHIBIT",01-APR-09 15:26:06,"XHIBIT",01-APR-09 15:26:06,1
819,"witness_service",460,"XHIBIT",01-APR-09 15:26:06,"XHIBIT",01-APR-09 15:26:06,1
820,"court_3",460,"XHIBIT",01-APR-09 15:26:06,"XHIBIT",01-APR-09 15:26:06,1
821,"court_2",460,"XHIBIT",01-APR-09 15:26:06,"XHIBIT",01-APR-09 15:26:06,1
822,"court_1",460,"XHIBIT",01-APR-09 15:26:06,"XHIBIT",01-APR-09 15:26:06,1
823,"jury_assembly",460,"XHIBIT",01-APR-09 15:26:06,"XHIBIT",01-APR-09 15:26:06,1
824,"advocates_robing",460,"XHIBIT",01-APR-09 15:26:06,"XHIBIT",01-APR-09 15:26:06,1
825,"v_i_p",460,"XHIBIT",01-APR-09 15:26:06,"XHIBIT",01-APR-09 15:26:06,1
1062,"public_dining",716,"XHIBIT",01-APR-09 15:26:06,"XHIBIT",01-APR-09 15:26:06,1
1063,"crown_court",716,"XHIBIT",01-APR-09 15:26:06,"XHIBIT",01-APR-09 15:26:06,1
1064,"magistrates_court",716,"XHIBIT",01-APR-09 15:26:06,"XHIBIT",01-APR-09 15:26:06,1
1065,"witness_waiting",716,"XHIBIT",01-APR-09 15:26:06,"XHIBIT",01-APR-09 15:26:06,1
1066,"v_i_p",716,"XHIBIT",01-APR-09 15:26:06,"XHIBIT",01-APR-09 15:26:06,1
259,"main_reception_area",117,"XHIBIT",01-APR-09 15:26:06,"XHIBIT",01-APR-09 15:26:06,1
260,"public_dining",117,"XHIBIT",01-APR-09 15:26:06,"XHIBIT",01-APR-09 15:26:06,1
261,"advocates_dining",117,"XHIBIT",01-APR-09 15:26:06,"XHIBIT",01-APR-09 15:26:06,1
262,"customs_and_excise",117,"XHIBIT",01-APR-09 15:26:06,"XHIBIT",01-APR-09 15:26:06,1
263,"witness_protection",117,"XHIBIT",01-APR-09 15:26:06,"XHIBIT",01-APR-09 15:26:06,1
264,"court_2",117,"XHIBIT",01-APR-09 15:26:06,"XHIBIT",01-APR-09 15:26:06,1
265,"court_3",117,"XHIBIT",01-APR-09 15:26:06,"XHIBIT",01-APR-09 15:26:06,1
266,"court_4",117,"XHIBIT",01-APR-09 15:26:06,"XHIBIT",01-APR-09 15:26:06,1
267,"court_5",117,"XHIBIT",01-APR-09 15:26:06,"XHIBIT",01-APR-09 15:26:06,1
268,"court_6",117,"XHIBIT",01-APR-09 15:26:06,"XHIBIT",01-APR-09 15:26:06,1
269,"court_7",117,"XHIBIT",01-APR-09 15:26:06,"XHIBIT",01-APR-09 15:26:06,1
270,"jury_assembly",117,"XHIBIT",01-APR-09 15:26:06,"XHIBIT",01-APR-09 15:26:06,1
271,"v_i_p",117,"XHIBIT",01-APR-09 15:26:06,"XHIBIT",01-APR-09 15:26:06,1
272,"main_reception_area",118,"XHIBIT",01-APR-09 15:26:06,"XHIBIT",01-APR-09 15:26:06,1
273,"witness_waiting_area",118,"XHIBIT",01-APR-09 15:26:06,"XHIBIT",01-APR-09 15:26:06,1
274,"witness_support",118,"XHIBIT",01-APR-09 15:26:06,"XHIBIT",01-APR-09 15:26:06,1
275,"public_dining",118,"XHIBIT",01-APR-09 15:26:06,"XHIBIT",01-APR-09 15:26:06,1
276,"barristers_library",118,"XHIBIT",01-APR-09 15:26:06,"XHIBIT",01-APR-09 15:26:06,1
277,"combined_court_1",118,"XHIBIT",01-APR-09 15:26:06,"XHIBIT",01-APR-09 15:26:06,1
278,"court_1",118,"XHIBIT",01-APR-09 15:26:06,"XHIBIT",01-APR-09 15:26:06,1
279,"court_2",118,"XHIBIT",01-APR-09 15:26:06,"XHIBIT",01-APR-09 15:26:06,1
280,"court_3",118,"XHIBIT",01-APR-09 15:26:06,"XHIBIT",01-APR-09 15:26:06,1
281,"court_4",118,"XHIBIT",01-APR-09 15:26:06,"XHIBIT",01-APR-09 15:26:06,1
282,"court_5",118,"XHIBIT",01-APR-09 15:26:06,"XHIBIT",01-APR-09 15:26:06,1
283,"court_6",118,"XHIBIT",01-APR-09 15:26:06,"XHIBIT",01-APR-09 15:26:06,1
284,"court_7",118,"XHIBIT",01-APR-09 15:26:06,"XHIBIT",01-APR-09 15:26:06,1
285,"court_8",118,"XHIBIT",01-APR-09 15:26:06,"XHIBIT",01-APR-09 15:26:06,1
286,"jury_waiting",118,"XHIBIT",01-APR-09 15:26:06,"XHIBIT",01-APR-09 15:26:06,1
287,"jury_canteen",118,"XHIBIT",01-APR-09 15:26:06,"XHIBIT",01-APR-09 15:26:06,1
288,"jury_canteen",118,"XHIBIT",01-APR-09 15:26:06,"XHIBIT",01-APR-09 15:26:06,1
289,"v_i_p",118,"XHIBIT",01-APR-09 15:26:06,"XHIBIT",01-APR-09 15:26:06,1
511,"concourse",309,"XHIBIT",01-APR-09 15:26:06,"XHIBIT",01-APR-09 15:26:06,1
512,"canteen",309,"XHIBIT",01-APR-09 15:26:06,"XHIBIT",01-APR-09 15:26:06,1
513,"court_1",309,"XHIBIT",01-APR-09 15:26:06,"XHIBIT",01-APR-09 15:26:06,1
514,"court_2",309,"XHIBIT",01-APR-09 15:26:06,"XHIBIT",01-APR-09 15:26:06,1
515,"court_3",309,"XHIBIT",01-APR-09 15:26:06,"XHIBIT",01-APR-09 15:26:06,1
516,"court_4",309,"XHIBIT",01-APR-09 15:26:06,"XHIBIT",01-APR-09 15:26:06,1
517,"jury_assembly",309,"XHIBIT",01-APR-09 15:26:06,"XHIBIT",01-APR-09 15:26:06,1
518,"main_entrance_reception",309,"XHIBIT",01-APR-09 15:26:06,"XHIBIT",01-APR-09 15:26:06,1
519,"witness_support",309,"XHIBIT",01-APR-09 15:26:06,"XHIBIT",01-APR-09 15:26:06,1
520,"advocates_lounge",309,"XHIBIT",01-APR-09 15:26:06,"XHIBIT",01-APR-09 15:26:06,1
521,"v_i_p",309,"XHIBIT",01-APR-09 15:26:06,"XHIBIT",01-APR-09 15:26:06,1
522,"v_i_p",310,"XHIBIT",01-APR-09 15:26:06,"XHIBIT",01-APR-09 15:26:06,1
197,"barristers_robing",80,"XHIBIT",01-APR-09 15:26:06,"XHIBIT",01-APR-09 15:26:06,1
199,"court_2",80,"XHIBIT",01-APR-09 15:26:06,"XHIBIT",01-APR-09 15:26:06,1
200,"jury_waiting",80,"XHIBIT",01-APR-09 15:26:06,"XHIBIT",01-APR-09 15:26:06,1
201,"v_i_p",80,"XHIBIT",01-APR-09 15:26:06,"XHIBIT",01-APR-09 15:26:06,1
1049,"reception",702,"XHIBIT",01-APR-09 15:26:06,"XHIBIT",01-APR-09 15:26:06,1
1050,"public_dining",702,"XHIBIT",01-APR-09 15:26:06,"XHIBIT",01-APR-09 15:26:06,1
1051,"cells",702,"XHIBIT",01-APR-09 15:26:06,"XHIBIT",01-APR-09 15:26:06,1
1052,"court_6",702,"XHIBIT",01-APR-09 15:26:06,"XHIBIT",01-APR-09 15:26:06,1
1053,"court_5",702,"XHIBIT",01-APR-09 15:26:06,"XHIBIT",01-APR-09 15:26:06,1
1054,"court_4",702,"XHIBIT",01-APR-09 15:26:06,"XHIBIT",01-APR-09 15:26:06,1
1055,"court_3",702,"XHIBIT",01-APR-09 15:26:06,"XHIBIT",01-APR-09 15:26:06,1
1056,"court_2",702,"XHIBIT",01-APR-09 15:26:06,"XHIBIT",01-APR-09 15:26:06,1
1057,"jury_waiting",702,"XHIBIT",01-APR-09 15:26:06,"XHIBIT",01-APR-09 15:26:06,1
1058,"advocates_robing",702,"XHIBIT",01-APR-09 15:26:06,"XHIBIT",01-APR-09 15:26:06,1
1059,"witness_service",702,"XHIBIT",01-APR-09 15:26:06,"XHIBIT",01-APR-09 15:26:06,1
1060,"witness_service_waiting",702,"XHIBIT",01-APR-09 15:26:06,"XHIBIT",01-APR-09 15:26:06,1
1061,"v_i_p",702,"XHIBIT",01-APR-09 15:26:06,"XHIBIT",01-APR-09 15:26:06,1
1089,"reception",731,"XHIBIT",01-APR-09 15:26:06,"XHIBIT",01-APR-09 15:26:06,1
1090,"first_flr_waiting",731,"XHIBIT",01-APR-09 15:26:06,"XHIBIT",01-APR-09 15:26:06,1
1091,"court_7",731,"XHIBIT",01-APR-09 15:26:06,"XHIBIT",01-APR-09 15:26:06,1
1092,"court_8",731,"XHIBIT",01-APR-09 15:26:06,"XHIBIT",01-APR-09 15:26:06,1
1093,"court_1",731,"XHIBIT",01-APR-09 15:26:06,"XHIBIT",01-APR-09 15:26:06,1
1094,"court_2",731,"XHIBIT",01-APR-09 15:26:06,"XHIBIT",01-APR-09 15:26:06,1
1095,"court_3",731,"XHIBIT",01-APR-09 15:26:06,"XHIBIT",01-APR-09 15:26:06,1
1096,"court_4",731,"XHIBIT",01-APR-09 15:26:06,"XHIBIT",01-APR-09 15:26:06,1
1097,"court_5",731,"XHIBIT",01-APR-09 15:26:06,"XHIBIT",01-APR-09 15:26:06,1
1098,"court_6",731,"XHIBIT",01-APR-09 15:26:06,"XHIBIT",01-APR-09 15:26:06,1
1099,"court_9",731,"XHIBIT",01-APR-09 15:26:06,"XHIBIT",01-APR-09 15:26:06,1
1100,"jury_assembly",731,"XHIBIT",01-APR-09 15:26:06,"XHIBIT",01-APR-09 15:26:06,1
1101,"witness_waiting_1",731,"XHIBIT",01-APR-09 15:26:06,"XHIBIT",01-APR-09 15:26:06,1
1102,"witness_waiting_2",731,"XHIBIT",01-APR-09 15:26:06,"XHIBIT",01-APR-09 15:26:06,1
1103,"barristers_robing_1",731,"XHIBIT",01-APR-09 15:26:06,"XHIBIT",01-APR-09 15:26:06,1
1104,"barristers_robing_2",731,"XHIBIT",01-APR-09 15:26:06,"XHIBIT",01-APR-09 15:26:06,1
1105,"v_i_p",731,"XHIBIT",01-APR-09 15:26:06,"XHIBIT",01-APR-09 15:26:06,1
1012,"reception",642,"XHIBIT",01-APR-09 15:26:06,"XHIBIT",01-APR-09 15:26:06,1
1013,"public_dining",642,"XHIBIT",01-APR-09 15:26:06,"XHIBIT",01-APR-09 15:26:06,1
1014,"court_1",642,"XHIBIT",01-APR-09 15:26:06,"XHIBIT",01-APR-09 15:26:06,1
1015,"court_2",642,"XHIBIT",01-APR-09 15:26:06,"XHIBIT",01-APR-09 15:26:06,1
1016,"court_4",642,"XHIBIT",01-APR-09 15:26:06,"XHIBIT",01-APR-09 15:26:06,1
1017,"court_3",642,"XHIBIT",01-APR-09 15:26:06,"XHIBIT",01-APR-09 15:26:06,1
1018,"jury_assembly",642,"XHIBIT",01-APR-09 15:26:06,"XHIBIT",01-APR-09 15:26:06,1
1019,"advocates_robing",642,"XHIBIT",01-APR-09 15:26:06,"XHIBIT",01-APR-09 15:26:06,1
1020,"witness_waiting",642,"XHIBIT",01-APR-09 15:26:06,"XHIBIT",01-APR-09 15:26:06,1
1021,"v_i_p",642,"XHIBIT",01-APR-09 15:26:06,"XHIBIT",01-APR-09 15:26:06,1
1022,"main_lobby_court_1",643,"XHIBIT",01-APR-09 15:26:06,"XHIBIT",01-APR-09 15:26:06,1
1023,"main_lobby_court_2",643,"XHIBIT",01-APR-09 15:26:06,"XHIBIT",01-APR-09 15:26:06,1
1024,"jury_assembly",643,"XHIBIT",01-APR-09 15:26:06,"XHIBIT",01-APR-09 15:26:06,1
1025,"v_i_p",643,"XHIBIT",01-APR-09 15:26:06,"XHIBIT",01-APR-09 15:26:06,1
1026,"court_1_waiting_area",644,"XHIBIT",01-APR-09 15:26:06,"XHIBIT",01-APR-09 15:26:06,1
1027,"jury_assembly",644,"XHIBIT",01-APR-09 15:26:06,"XHIBIT",01-APR-09 15:26:06,1
1028,"witness_waiting",644,"XHIBIT",01-APR-09 15:26:06,"XHIBIT",01-APR-09 15:26:06,1
1029,"v_i_p",644,"XHIBIT",01-APR-09 15:26:06,"XHIBIT",01-APR-09 15:26:06,1
1030,"v_i_p",645,"XHIBIT",01-APR-09 15:26:06,"XHIBIT",01-APR-09 15:26:06,1
1031,"v_i_p",646,"XHIBIT",01-APR-09 15:26:06,"XHIBIT",01-APR-09 15:26:06,1
1032,"witness_waiting",647,"XHIBIT",01-APR-09 15:26:06,"XHIBIT",01-APR-09 15:26:06,1
1033,"waiting_room",647,"XHIBIT",01-APR-09 15:26:06,"XHIBIT",01-APR-09 15:26:06,1
1034,"court_1",647,"XHIBIT",01-APR-09 15:26:06,"XHIBIT",01-APR-09 15:26:06,1
1035,"court_2",647,"XHIBIT",01-APR-09 15:26:06,"XHIBIT",01-APR-09 15:26:06,1
1036,"jury_assembly",647,"XHIBIT",01-APR-09 15:26:06,"XHIBIT",01-APR-09 15:26:06,1
1037,"barristers_robing",647,"XHIBIT",01-APR-09 15:26:06,"XHIBIT",01-APR-09 15:26:06,1
1038,"v_i_p",647,"XHIBIT",01-APR-09 15:26:06,"XHIBIT",01-APR-09 15:26:06,1
95,"public_dining",6,"XHIBIT",01-APR-09 15:26:06,"XHIBIT",01-APR-09 15:26:06,1
96,"court_1",6,"XHIBIT",01-APR-09 15:26:06,"XHIBIT",01-APR-09 15:26:06,1
97,"court_2",6,"XHIBIT",01-APR-09 15:26:06,"XHIBIT",01-APR-09 15:26:06,1
98,"court_3",6,"XHIBIT",01-APR-09 15:26:06,"XHIBIT",01-APR-09 15:26:06,1
99,"court_4",6,"XHIBIT",01-APR-09 15:26:06,"XHIBIT",01-APR-09 15:26:06,1
100,"court_5",6,"XHIBIT",01-APR-09 15:26:06,"XHIBIT",01-APR-09 15:26:06,1
101,"court_6",6,"XHIBIT",01-APR-09 15:26:06,"XHIBIT",01-APR-09 15:26:06,1
102,"court_7",6,"XHIBIT",01-APR-09 15:26:06,"XHIBIT",01-APR-09 15:26:06,1
103,"court_8",6,"XHIBIT",01-APR-09 15:26:06,"XHIBIT",01-APR-09 15:26:06,1
104,"court_9",6,"XHIBIT",01-APR-09 15:26:06,"XHIBIT",01-APR-09 15:26:06,1
105,"court_10",6,"XHIBIT",01-APR-09 15:26:06,"XHIBIT",01-APR-09 15:26:06,1
106,"court_11",6,"XHIBIT",01-APR-09 15:26:06,"XHIBIT",01-APR-09 15:26:06,1
107,"jury_reception",6,"XHIBIT",01-APR-09 15:26:06,"XHIBIT",01-APR-09 15:26:06,1
108,"main_entance_hall",6,"XHIBIT",01-APR-09 15:26:06,"XHIBIT",01-APR-09 15:26:06,1
109,"lobby",6,"XHIBIT",01-APR-09 15:26:06,"XHIBIT",01-APR-09 15:26:06,1
110,"barristers_lounge",6,"XHIBIT",01-APR-09 15:26:06,"XHIBIT",01-APR-09 15:26:06,1
111,"witness_room",6,"XHIBIT",01-APR-09 15:26:06,"XHIBIT",01-APR-09 15:26:06,1
352,"public_restaurant",169,"XHIBIT",01-APR-09 15:26:06,"XHIBIT",01-APR-09 15:26:06,1
353,"court_6",169,"XHIBIT",01-APR-09 15:26:06,"XHIBIT",01-APR-09 15:26:06,1
354,"court_1",169,"XHIBIT",01-APR-09 15:26:06,"XHIBIT",01-APR-09 15:26:06,1
355,"court_2",169,"XHIBIT",01-APR-09 15:26:06,"XHIBIT",01-APR-09 15:26:06,1
356,"court_3",169,"XHIBIT",01-APR-09 15:26:06,"XHIBIT",01-APR-09 15:26:06,1
357,"court_4",169,"XHIBIT",01-APR-09 15:26:06,"XHIBIT",01-APR-09 15:26:06,1
358,"jury_assembly_room",169,"XHIBIT",01-APR-09 15:26:06,"XHIBIT",01-APR-09 15:26:06,1
359,"main_lobby",169,"XHIBIT",01-APR-09 15:26:06,"XHIBIT",01-APR-09 15:26:06,1
360,"witness_waiting",169,"XHIBIT",01-APR-09 15:26:06,"XHIBIT",01-APR-09 15:26:06,1
361,"barristers_robing_room",169,"XHIBIT",01-APR-09 15:26:06,"XHIBIT",01-APR-09 15:26:06,1
362,"v_i_p",169,"XHIBIT",01-APR-09 15:26:06,"XHIBIT",01-APR-09 15:26:06,1
363,"public_dining",195,"XHIBIT",01-APR-09 15:26:06,"XHIBIT",01-APR-09 15:26:06,1
364,"public_area",195,"XHIBIT",01-APR-09 15:26:06,"XHIBIT",01-APR-09 15:26:06,1
365,"court_4",195,"XHIBIT",01-APR-09 15:26:06,"XHIBIT",01-APR-09 15:26:06,1
366,"court_3",195,"XHIBIT",01-APR-09 15:26:06,"XHIBIT",01-APR-09 15:26:06,1
367,"court_2",195,"XHIBIT",01-APR-09 15:26:06,"XHIBIT",01-APR-09 15:26:06,1
368,"court_1",195,"XHIBIT",01-APR-09 15:26:06,"XHIBIT",01-APR-09 15:26:06,1
369,"police_waiting_room",195,"XHIBIT",01-APR-09 15:26:06,"XHIBIT",01-APR-09 15:26:06,1
370,"jurors_waiting_area",195,"XHIBIT",01-APR-09 15:26:06,"XHIBIT",01-APR-09 15:26:06,1
371,"jurors_dining_area",195,"XHIBIT",01-APR-09 15:26:06,"XHIBIT",01-APR-09 15:26:06,1
372,"advocates_dining",195,"XHIBIT",01-APR-09 15:26:06,"XHIBIT",01-APR-09 15:26:06,1
373,"v_i_p",195,"XHIBIT",01-APR-09 15:26:06,"XHIBIT",01-APR-09 15:26:06,1
374,"public_waiting_court_1",196,"XHIBIT",01-APR-09 15:26:06,"XHIBIT",01-APR-09 15:26:06,1
375,"jury_waiting_area",196,"XHIBIT",01-APR-09 15:26:06,"XHIBIT",01-APR-09 15:26:06,1
376,"v_i_p",196,"XHIBIT",01-APR-09 15:26:06,"XHIBIT",01-APR-09 15:26:06,1
1067,"public_dining",717,"XHIBIT",01-APR-09 15:26:06,"XHIBIT",01-APR-09 15:26:06,1
1068,"reception",717,"XHIBIT",01-APR-09 15:26:06,"XHIBIT",01-APR-09 15:26:06,1
1069,"court_1",717,"XHIBIT",01-APR-09 15:26:06,"XHIBIT",01-APR-09 15:26:06,1
1070,"court_3",717,"XHIBIT",01-APR-09 15:26:06,"XHIBIT",01-APR-09 15:26:06,1
1071,"court_4",717,"XHIBIT",01-APR-09 15:26:06,"XHIBIT",01-APR-09 15:26:06,1
1072,"court_2",717,"XHIBIT",01-APR-09 15:26:06,"XHIBIT",01-APR-09 15:26:06,1
1073,"court_6",717,"XHIBIT",01-APR-09 15:26:06,"XHIBIT",01-APR-09 15:26:06,1
1074,"court_7",717,"XHIBIT",01-APR-09 15:26:06,"XHIBIT",01-APR-09 15:26:06,1
1075,"jury_assembly",717,"XHIBIT",01-APR-09 15:26:06,"XHIBIT",01-APR-09 15:26:06,1
1076,"advocates",717,"XHIBIT",01-APR-09 15:26:06,"XHIBIT",01-APR-09 15:26:06,1
1077,"v_i_p",717,"XHIBIT",01-APR-09 15:26:06,"XHIBIT",01-APR-09 15:26:06,1
145,"v_i_p",5,"XHIBIT",01-APR-09 15:26:06,"XHIBIT",01-APR-09 15:26:06,1
304,"public_dining",146,"XHIBIT",01-APR-09 15:26:06,"XHIBIT",01-APR-09 15:26:06,1
305,"advocates_lounge",146,"XHIBIT",01-APR-09 15:26:06,"XHIBIT",01-APR-09 15:26:06,1
306,"second_floor_lobby",146,"XHIBIT",01-APR-09 15:26:06,"XHIBIT",01-APR-09 15:26:06,1
307,"second_floor_lobby",146,"XHIBIT",01-APR-09 15:26:06,"XHIBIT",01-APR-09 15:26:06,1
308,"court_2",146,"XHIBIT",01-APR-09 15:26:06,"XHIBIT",01-APR-09 15:26:06,1
309,"court_3",146,"XHIBIT",01-APR-09 15:26:06,"XHIBIT",01-APR-09 15:26:06,1
310,"court_4",146,"XHIBIT",01-APR-09 15:26:06,"XHIBIT",01-APR-09 15:26:06,1
311,"court_5",146,"XHIBIT",01-APR-09 15:26:06,"XHIBIT",01-APR-09 15:26:06,1
312,"court_6",146,"XHIBIT",01-APR-09 15:26:06,"XHIBIT",01-APR-09 15:26:06,1
313,"court_7",146,"XHIBIT",01-APR-09 15:26:06,"XHIBIT",01-APR-09 15:26:06,1
314,"court_8",146,"XHIBIT",01-APR-09 15:26:06,"XHIBIT",01-APR-09 15:26:06,1
315,"court_9",146,"XHIBIT",01-APR-09 15:26:06,"XHIBIT",01-APR-09 15:26:06,1
316,"court_10",146,"XHIBIT",01-APR-09 15:26:06,"XHIBIT",01-APR-09 15:26:06,1
